tpch,lovefield,[],1775837255726,"[0.01, 1.0]",Lovefield does not support arithmetic operations and nested subqueries. Aggregates and order by clauses were often simplified. Some queries with nesting were dropped.,lovefield_tpch_001_q1,Benchmark `lovefield_tpch_001_q1` failed to run `fn`: a.getTime is not a function,1,1,0.0,0.0,0.0,0.0,0.0,0.0,0.0,0.0
tpch,lovefield,[],1775837255726,"[0.01, 3.0]",Lovefield does not support arithmetic operations and nested subqueries. Aggregates and order by clauses were often simplified. Some queries with nesting were dropped.,lovefield_tpch_001_q3,Benchmark `lovefield_tpch_001_q3` failed to run `fn`: a.getTime is not a function,1,1,0.0,0.0,0.0,0.0,0.0,0.0,0.0,0.0
tpch,lovefield,[],1775837255726,"[0.01, 4.0]",Lovefield does not support arithmetic operations and nested subqueries. Aggregates and order by clauses were often simplified. Some queries with nesting were dropped.,lovefield_tpch_001_q4,Benchmark `lovefield_tpch_001_q4` failed to run `fn`: a.getTime is not a function,1,1,0.0,0.0,0.0,0.0,0.0,0.0,0.0,0.0
tpch,lovefield,[],1775837255726,"[0.01, 5.0]",Lovefield does not support arithmetic operations and nested subqueries. Aggregates and order by clauses were often simplified. Some queries with nesting were dropped.,lovefield_tpch_001_q5,Benchmark `lovefield_tpch_001_q5` failed to run `fn`: a.getTime is not a function,1,1,0.0,0.0,0.0,0.0,0.0,0.0,0.0,0.0
tpch,lovefield,[],1775837255726,"[0.01, 6.0]",Lovefield does not support arithmetic operations and nested subqueries. Aggregates and order by clauses were often simplified. Some queries with nesting were dropped.,lovefield_tpch_001_q6,,357,5,71.21916501093233,14.041164338931765,14.554449999937788,3.4073270371854414,69.9010080001317,10.934753999812528,5012.69566899864,5017.391767001012
tpch,lovefield,[],1775837255726,"[0.01, 7.0]",Lovefield does not support arithmetic operations and nested subqueries. Aggregates and order by clauses were often simplified. Some queries with nesting were dropped.,lovefield_tpch_001_q7,Benchmark `lovefield_tpch_001_q7` failed to run `fn`: a.getTime is not a function,1,1,0.0,0.0,0.0,0.0,0.0,0.0,0.0,0.0
tpch,lovefield,[],1775837255726,"[0.01, 8.0]",Lovefield does not support arithmetic operations and nested subqueries. Aggregates and order by clauses were often simplified. Some queries with nesting were dropped.,lovefield_tpch_001_q8,Benchmark `lovefield_tpch_001_q8` failed to run `fn`: a.getTime is not a function,1,1,0.0,0.0,0.0,0.0,0.0,0.0,0.0,0.0
tpch,lovefield,[],1775837255726,"[0.01, 9.0]",Lovefield does not support arithmetic operations and nested subqueries. Aggregates and order by clauses were often simplified. Some queries with nesting were dropped.,lovefield_tpch_001_q9,,16,5,2.849061950296915,350.9927188125148,340.51075000013225,28.655897260737788,409.2068440001458,317.09489500010386,5615.883501000237,5616.212188000558
tpch,lovefield,[],1775837255726,"[0.01, 10.0]",Lovefield does not support arithmetic operations and nested subqueries. Aggregates and order by clauses were often simplified. Some queries with nesting were dropped.,lovefield_tpch_001_q10,Benchmark `lovefield_tpch_001_q10` failed to run `fn`: a.getTime is not a function,1,1,0.0,0.0,0.0,0.0,0.0,0.0,0.0,0.0
tpch,lovefield,[],1775837255726,"[0.01, 12.0]",Lovefield does not support arithmetic operations and nested subqueries. Aggregates and order by clauses were often simplified. Some queries with nesting were dropped.,lovefield_tpch_001_q12,Benchmark `lovefield_tpch_001_q12` failed to run `fn`: a.getTime is not a function,1,1,0.0,0.0,0.0,0.0,0.0,0.0,0.0,0.0
tpch,lovefield,[],1775837255726,"[0.01, 13.0]","",lovefield_tpch_001_q13,,75,5,14.695770662839019,68.04678862665469,67.50862500001676,2.504535596278748,83.95971200009808,65.29927899991162,5103.509146999102,5104.64088500035
tpch,lovefield,[],1775837255726,"[0.01, 14.0]","",lovefield_tpch_001_q14,Benchmark `lovefield_tpch_001_q14` failed to run `fn`: a.getTime is not a function,1,1,0.0,0.0,0.0,0.0,0.0,0.0,0.0,0.0
tpch,lovefield,[],1775837255726,"[0.01, 16.0]","",lovefield_tpch_001_q16,,497,5,99.10126506364576,10.090688543256945,10.140797999920323,1.2498506923198935,29.70846700016409,8.565833000000566,5015.072205998702,5020.3966450023
tpch,lovefield,[],1775837255726,"[0.01, 19.0]",Lovefield does not support arithmetic operations and nested subqueries. Aggregates and order by clauses were often simplified. Some queries with nesting were dropped.,lovefield_tpch_001_q19,,63,5,12.226912202229844,81.7867981269734,77.13029800006188,16.401891741146915,144.74099899991415,70.66071099997498,5152.5682819993235,5153.383385999128
tpch,duckdb,[sync],1775837677970,"[0.25, 1.0]",,duckdb_sync_tpch_025_q1,,64,5,12.283150582275109,81.41233743751582,79.85100000002421,5.472691816136157,119.69446299993433,78.41341100004502,5210.389596001012,5211.780581000727
tpch,duckdb,[sync],1775837677970,"[0.25, 2.0]",,duckdb_sync_tpch_025_q2,,509,5,101.41234249791646,9.86073268172999,9.261391999898478,1.9752052765456545,25.33594199991785,8.420563000021502,5019.112935000565,5024.354838001076
tpch,duckdb,[sync],1775837677970,"[0.25, 3.0]",,duckdb_sync_tpch_025_q3,,241,5,47.77253134174346,20.93253114109538,20.602420000126585,1.7479757673929226,36.50766899995506,20.12343500019051,5044.740005003987,5047.5464979996905
tpch,duckdb,[sync],1775837677970,"[0.25, 4.0]",,duckdb_sync_tpch_025_q4,,190,5,37.83360649714143,26.43152722105825,26.313549999846146,0.6752102187611138,33.79935300000943,25.88106200005859,5021.990172001068,5024.16914799856
tpch,duckdb,[sync],1775837677970,"[0.25, 5.0]",,duckdb_sync_tpch_025_q5,,207,5,40.90209066175553,24.44862802416662,24.369561000028625,0.8902835215394291,31.350409999955446,23.492918000090867,5060.8660010024905,5062.964017000748
tpch,duckdb,[sync],1775837677970,"[0.25, 6.0]",,duckdb_sync_tpch_025_q6,,455,5,90.62940970958988,11.03394585934488,10.955253999913111,0.4610851185225517,15.147003999911249,10.47869100002572,5020.445366001921,5023.957125997869
tpch,duckdb,[sync],1775837677970,"[0.25, 7.0]",,duckdb_sync_tpch_025_q7,,204,5,40.47102812351963,24.709033754911026,24.574799000052735,0.7419736882926065,30.64607200003229,23.908405000111088,5040.64288600185,5042.5720009992365
tpch,duckdb,[sync],1775837677970,"[0.25, 8.0]",,duckdb_sync_tpch_025_q8,,160,5,31.72629154672676,31.519599399986326,31.39411500003189,0.6912106519243533,38.20769100007601,30.868247999809682,5043.135903997812,5044.643064001109
tpch,duckdb,[sync],1775837677970,"[0.25, 9.0]",,duckdb_sync_tpch_025_q9,,88,5,17.001773499628833,58.81739337498121,58.57476800004952,1.2867820090097488,63.251514999894425,57.01919300016016,5175.9306169983465,5176.795784999849
tpch,duckdb,[sync],1775837677970,"[0.25, 10.0]",,duckdb_sync_tpch_025_q10,,95,5,18.169231185240903,55.038102042111326,55.039875000016764,0.673171684627221,59.16764399991371,54.09405400021933,5228.619694000576,5229.643763000378
tpch,duckdb,[sync],1775837677970,"[0.25, 11.0]",,duckdb_sync_tpch_025_q11,,1046,5,209.05926740575308,4.783332556404439,4.7070110000204295,0.5391364757446118,13.056771000148728,4.349068999988958,5003.365853999043,5010.588834000519
tpch,duckdb,[sync],1775837677970,"[0.25, 12.0]",,duckdb_sync_tpch_025_q12,,105,5,20.58754651957666,48.57305357144436,48.518999999854714,0.42037561299719034,50.9689720000606,47.914608999853954,5100.170625001658,5101.307263002032
tpch,duckdb,[sync],1775837677970,"[0.25, 13.0]",,duckdb_sync_tpch_025_q13,,74,5,14.181204693147544,70.51587094594348,69.79285400011577,2.8245922745843774,91.07982000010088,68.38764700014144,5218.174449999817,5219.056073000887
tpch,duckdb,[sync],1775837677970,"[0.25, 14.0]",,duckdb_sync_tpch_025_q14,,362,5,71.82462549447621,13.922801450275667,13.880470999982208,0.5288820877790207,17.935945000033826,13.031973999924958,5040.054124999791,5043.2202569998335
tpch,duckdb,[sync],1775837677970,"[0.25, 15.0]",,duckdb_sync_tpch_025_q15,,486,5,96.72313003370301,10.338788660494668,10.300434000091627,0.3298484239571999,15.099361999891698,9.776794999837875,5024.651289000409,5028.519363997038
tpch,duckdb,[sync],1775837677970,"[0.25, 16.0]",,duckdb_sync_tpch_025_q16,,275,5,54.75904628752557,18.261822800003838,18.061452999943867,1.1127392914634864,25.200834000017494,17.276824000058696,5022.001270001056,5024.276753998827
tpch,duckdb,[sync],1775837677970,"[0.25, 17.0]",,duckdb_sync_tpch_025_q17,,330,5,65.53382193341395,15.259296199999692,15.222588999895379,0.24995149438745318,16.267076999880373,14.76996299996972,5035.567745999899,5038.1915839992
tpch,duckdb,[sync],1775837677970,"[0.25, 18.0]",,duckdb_sync_tpch_025_q18,,85,5,16.765948198096407,59.64470295294955,59.24768400005996,1.6389886058340932,68.75632400019094,57.57566799991764,5069.799751000712,5070.473926999606
tpch,duckdb,[sync],1775837677971,"[0.25, 19.0]",,duckdb_sync_tpch_025_q19,,65,5,12.456747353650387,80.277778107698,79.89819700014777,2.3128203847136546,97.40238100010902,79.50987099995837,5218.05557700037,5218.587247999152
tpch,duckdb,[sync],1775837677971,"[0.25, 20.0]",,duckdb_sync_tpch_025_q20,,278,5,55.22516724023869,18.107686223019176,18.04986700019799,0.4806663418817071,23.055260999826714,17.597422000020742,5033.936769999331,5036.147665000986
tpch,duckdb,[sync],1775837677971,"[0.25, 21.0]",,duckdb_sync_tpch_025_q21,,60,5,11.852253709388128,84.37213921668784,84.13003500015475,1.508212075272502,94.97269899980165,82.82346099987626,5062.32835300127,5062.810520000989
tpch,duckdb,[sync],1775837677971,"[0.25, 22.0]",,duckdb_sync_tpch_025_q22,,545,5,108.34168857648206,9.23005735962908,9.135864999843761,0.55687466098513,16.408348999917507,8.7638740001712,5030.381260997849,5033.930718999822
tpch,duckdb,[sync],1775838026193,"[0.5, 1.0]",,duckdb_sync_tpch_05_q1,,35,5,6.2772466074803654,159.3055144286249,157.0153079999145,5.868058813983504,186.43716099997982,154.14883300010115,5575.693005001871,5576.7011659997515
tpch,duckdb,[sync],1775838026193,"[0.5, 2.0]",,duckdb_sync_tpch_05_q2,,388,5,77.33368657132426,12.930975417520122,12.119138999842107,2.357735228712191,28.969804000109434,11.20737800002098,5017.218461997807,5020.737221998628
tpch,duckdb,[sync],1775838026193,"[0.5, 3.0]",,duckdb_sync_tpch_05_q3,,132,5,25.848723022670573,38.686630636374254,38.319805999984965,2.6545594694472867,67.58016799995676,37.48160199983977,5106.635244001402,5107.889053999679
tpch,duckdb,[sync],1775838026193,"[0.5, 4.0]",,duckdb_sync_tpch_05_q4,,100,5,19.455588534767273,51.39911332998192,51.158750999951735,1.477710799631416,61.71377499983646,50.083040999947116,5139.911332998192,5141.08878000034
tpch,duckdb,[sync],1775838026193,"[0.5, 5.0]",,duckdb_sync_tpch_05_q5,,115,5,22.81354646797881,43.83360567825806,43.67138900002465,0.8442838514523546,48.320394000038505,42.82818099996075,5040.864652999677,5042.135834997287
tpch,duckdb,[sync],1775838026193,"[0.5, 6.0]",,duckdb_sync_tpch_05_q6,,240,5,47.73595300584968,20.948570983331106,20.832955999765545,0.4396813359312616,23.050092000048608,20.194851000327617,5027.657035999466,5030.294641993474
tpch,duckdb,[sync],1775838026193,"[0.5, 7.0]",,duckdb_sync_tpch_05_q7,,115,5,22.6157819148617,44.216910287008986,44.02612699987367,0.8065489110974502,47.56471200007945,43.228645000141114,5084.944683006033,5086.017526000738
tpch,duckdb,[sync],1775838026193,"[0.5, 8.0]",,duckdb_sync_tpch_05_q8,,90,5,17.31437967385443,57.75546215554285,57.639043000061065,0.6273298577727384,62.009170999750495,56.99668499967083,5197.991593998857,5198.831103004981
tpch,duckdb,[sync],1775838026193,"[0.5, 9.0]",,duckdb_sync_tpch_05_q9,,45,5,8.764068381762176,114.10225895555276,113.83407199988142,1.7941302007692228,122.60479199979454,111.69924200000241,5134.601652999874,5135.044972000644
tpch,duckdb,[sync],1775838026193,"[0.5, 10.0]",,duckdb_sync_tpch_05_q10,,50,5,9.40448256498472,106.33227219998837,106.5533559997566,1.3566791638961397,110.0667129997164,103.12329299980775,5316.613609999418,5317.168178000953
tpch,duckdb,[sync],1775838026193,"[0.5, 11.0]",,duckdb_sync_tpch_05_q11,,859,5,171.47854121663494,5.831633467983988,5.715172000229359,0.5361328655400684,13.616330000106245,5.557304000016302,5009.373148998246,5014.67867500009
tpch,duckdb,[sync],1775838026193,"[0.5, 12.0]",,duckdb_sync_tpch_05_q12,,55,5,10.736011894331154,93.14445716365326,92.93803799990565,0.7757191834076465,97.27338600018993,92.24600999988616,5122.945144000929,5123.541778000072
tpch,duckdb,[sync],1775838026193,"[0.5, 13.0]",,duckdb_sync_tpch_05_q13,,40,5,7.265906471722129,137.62907682501245,137.29660300025716,2.6941300523123664,143.6307000000961,133.23687899997458,5505.163073000498,5505.654128000606
tpch,duckdb,[sync],1775838026193,"[0.5, 14.0]",,duckdb_sync_tpch_05_q14,,189,5,37.175117852917126,26.89971297351328,26.88822100032121,0.7270528202993742,29.52722499985248,25.343656999990344,5084.04575199401,5086.046868993901
tpch,duckdb,[sync],1775838026193,"[0.5, 15.0]",,duckdb_sync_tpch_05_q15,,249,5,49.445078902150016,20.224459586341503,20.23399499990046,0.4487138544416261,24.607137999963015,19.450038000009954,5035.890436999034,5038.66554700071
tpch,duckdb,[sync],1775838026193,"[0.5, 16.0]",,duckdb_sync_tpch_05_q16,,162,5,31.987949663881384,31.261772339511086,30.98484499985352,1.3872517997399028,41.87716600019485,29.986346000339836,5064.407119000796,5066.021489996929
tpch,duckdb,[sync],1775838026193,"[0.5, 17.0]",,duckdb_sync_tpch_05_q17,,190,5,37.63730539664825,26.569383473691875,26.522030000109226,0.3656783462180287,29.539961999747902,25.970550999976695,5048.182860001456,5050.012571998872
tpch,duckdb,[sync],1775838026193,"[0.5, 18.0]",,duckdb_sync_tpch_05_q18,,43,5,7.989687100669751,125.16134704651614,123.65445199981332,3.4917426942611693,136.50462199980393,120.50155299995095,5381.937923000194,5382.3711379999295
tpch,duckdb,[sync],1775838026193,"[0.5, 19.0]",,duckdb_sync_tpch_05_q19,,35,5,6.350687274181504,157.4632723713959,157.28100199997425,1.0057121239964233,162.5492499996908,156.42015599971637,5511.214532998856,5511.552291998174
tpch,duckdb,[sync],1775838026193,"[0.5, 20.0]",,duckdb_sync_tpch_05_q20,,150,5,29.341252291634824,34.08170824000922,34.05963100027293,0.4915349130262262,37.313062000088394,33.00604399992153,5112.2562360013835,5113.691184001509
tpch,duckdb,[sync],1775838026193,"[0.5, 21.0]",,duckdb_sync_tpch_05_q21,,35,5,6.313465871023467,158.39160619995423,158.55718800006434,1.0242635340846884,159.98681699996814,156.28739900002256,5543.706216998398,5544.064095001202
tpch,duckdb,[sync],1775838026193,"[0.5, 22.0]",,duckdb_sync_tpch_05_q22,,304,5,60.34255593637899,16.572052417771804,16.528363999910653,0.6144288463662704,23.134549000300467,15.532583999913186,5037.903935002629,5040.5894790086895
tpch,duckdb,[sync],1775837030493,"[0.01, 1.0]",,duckdb_sync_tpch_001_q1,,1012,5,202.22284554783172,4.945039702566495,4.463544999947771,1.6953133669350153,24.828795000212267,4.269308000104502,5004.380178997293,5012.42275399575
tpch,duckdb,[sync],1775837030493,"[0.01, 2.0]",,duckdb_sync_tpch_001_q2,,1043,5,208.7666398284069,4.790037339404118,4.449338000034913,1.193227596644003,18.722903999965638,4.1636149999685585,4996.008944998495,5013.011022998486
tpch,duckdb,[sync],1775837030493,"[0.01, 3.0]",,duckdb_sync_tpch_001_q3,,1887,5,377.7016685854064,2.6475922220446284,2.5781910000368953,0.5456895438565081,12.62420399999246,2.450643999967724,4996.006522998214,5005.89135499415
tpch,duckdb,[sync],1775837030493,"[0.01, 4.0]",,duckdb_sync_tpch_001_q4,,1524,5,304.91284135179626,3.279625730312355,3.2275010000448674,0.4212897212401595,11.110268000047654,3.0836700000800192,4998.149612996029,5005.727530993288
tpch,duckdb,[sync],1775837030493,"[0.01, 5.0]",,duckdb_sync_tpch_001_q5,,1110,5,221.99934141671136,4.504517867568428,4.445642000064254,0.5629192541993239,15.62880100007169,4.339337999932468,5000.014833000954,5015.050271000015
tpch,duckdb,[sync],1775837030493,"[0.01, 6.0]",,duckdb_sync_tpch_001_q6,,5394,5,1082.4730929453947,0.9238104914728305,0.9044620001222938,0.20592356429348174,5.902892000041902,0.8692589998245239,4983.033791004447,5001.976071991725
tpch,duckdb,[sync],1775837030493,"[0.01, 7.0]",,duckdb_sync_tpch_001_q7,,1077,5,215.36346987603514,4.643313002783655,4.5580080000218,0.8219489443888895,16.85850500012748,4.415739000076428,5000.848103997996,5005.744681996526
tpch,duckdb,[sync],1775837030493,"[0.01, 8.0]",,duckdb_sync_tpch_001_q8,,940,5,187.69276046495858,5.327856000001106,5.222007000120357,0.9257982278153528,20.698790999827906,5.132968000136316,5008.18464000104,5012.411692997906
tpch,duckdb,[sync],1775837030493,"[0.01, 9.0]",,duckdb_sync_tpch_001_q9,,880,5,175.65822695219504,5.692873128408312,5.602684000041336,0.7555892617442762,17.56195899983868,5.476444999920204,5009.728352999315,5014.080842001131
tpch,duckdb,[sync],1775837030493,"[0.01, 10.0]",,duckdb_sync_tpch_001_q10,,933,5,186.3368603778688,5.366624713822699,5.295813999837264,0.5762105521107412,14.101393999997526,5.196645000018179,5007.060857996577,5011.781918002991
tpch,duckdb,[sync],1775837030494,"[0.01, 11.0]",,duckdb_sync_tpch_001_q11,,2221,5,444.8712397888342,2.247841421429417,2.198122999863699,0.4987601475394816,12.711038999957964,2.1309710000641644,4992.455796994735,5003.509893011535
tpch,duckdb,[sync],1775837030494,"[0.01, 12.0]",,duckdb_sync_tpch_001_q12,,1319,5,263.86216064767075,3.789857543595566,3.748943000100553,0.44401188296502986,12.123660999815911,3.6888180000241846,4998.822100002551,5005.3697840005625
tpch,duckdb,[sync],1775837030494,"[0.01, 13.0]",,duckdb_sync_tpch_001_q13,,1416,5,283.40911029462876,3.5284680826258965,3.503792000003159,0.2706054858992868,10.332703999942169,3.4432870000600815,4996.310804998269,5009.175100001274
tpch,duckdb,[sync],1775837030494,"[0.01, 14.0]",,duckdb_sync_tpch_001_q14,,3251,5,652.4777782609751,1.5326192451569203,1.5091999999713153,0.2987643450080586,8.533545000012964,1.4482009999919683,4982.545166005148,5003.016177006997
tpch,duckdb,[sync],1775837030494,"[0.01, 15.0]",,duckdb_sync_tpch_001_q15,,2262,5,453.6101737907946,2.2045360923963777,2.184378999983892,0.27412640959687506,8.43875199998729,2.118371000047773,4986.660641000606,5003.786483002594
tpch,duckdb,[sync],1775837030494,"[0.01, 16.0]",,duckdb_sync_tpch_001_q16,,1672,5,334.23650326800276,2.991893435404224,2.921834999928251,0.5654830651619359,12.689043000107631,2.8414239999838173,5002.445823995862,5010.616478997283
tpch,duckdb,[sync],1775837030494,"[0.01, 17.0]",,duckdb_sync_tpch_001_q17,,3265,5,655.6243278139071,1.5252637182246853,1.5083250000607222,0.30621068722497796,10.105894000036642,1.42451799986884,4979.986040003598,5002.099185992265
tpch,duckdb,[sync],1775837030494,"[0.01, 18.0]",,duckdb_sync_tpch_001_q18,,1195,5,238.66451387511634,4.189981928035016,4.13209700002335,0.5588057910850958,14.205371000105515,3.994636000134051,5007.028404001845,5012.763853001641
tpch,duckdb,[sync],1775837030494,"[0.01, 19.0]",,duckdb_sync_tpch_001_q19,,959,5,192.0560901642818,5.206812234616541,5.165644000051543,0.5000234661358335,16.188252000138164,5.093784000026062,4993.332932997262,5009.00441299635
tpch,duckdb,[sync],1775837030494,"[0.01, 20.0]",,duckdb_sync_tpch_001_q20,,1288,5,257.5554318867797,3.8826593276417327,3.8113679999951273,0.5567527028872307,13.282995000015944,3.7159849999006838,5000.8652140025515,5007.095973002026
tpch,duckdb,[sync],1775837030494,"[0.01, 21.0]",,duckdb_sync_tpch_001_q21,,812,5,162.19233577775572,6.165519444582459,6.058384000090882,0.7020529603321868,17.23575700004585,5.928840999957174,5006.401789000956,5010.607613996835
tpch,duckdb,[sync],1775837030494,"[0.01, 22.0]",,duckdb_sync_tpch_001_q22,,1889,5,378.4607446981495,2.6422819645339284,2.5904119999613613,0.4672311925904796,12.598151999991387,2.5029810001142323,4991.2706310045905,5007.677682001144
tpch,lovefield,[],1775838328330,"[0.5, 1.0]",Lovefield does not support arithmetic operations and nested subqueries. Aggregates and order by clauses were often simplified. Some queries with nesting were dropped.,lovefield_tpch_05_q1,Benchmark `lovefield_tpch_05_q1` failed to run `fn`: a.getTime is not a function,1,1,0.0,0.0,0.0,0.0,0.0,0.0,0.0,0.0
tpch,lovefield,[],1775838328330,"[0.5, 3.0]",Lovefield does not support arithmetic operations and nested subqueries. Aggregates and order by clauses were often simplified. Some queries with nesting were dropped.,lovefield_tpch_05_q3,Benchmark `lovefield_tpch_05_q3` failed to run `fn`: a.getTime is not a function,1,1,0.0,0.0,0.0,0.0,0.0,0.0,0.0,0.0
tpch,lovefield,[],1775838328330,"[0.5, 4.0]",Lovefield does not support arithmetic operations and nested subqueries. Aggregates and order by clauses were often simplified. Some queries with nesting were dropped.,lovefield_tpch_05_q4,Benchmark `lovefield_tpch_05_q4` failed to run `fn`: a.getTime is not a function,1,1,0.0,0.0,0.0,0.0,0.0,0.0,0.0,0.0
tpch,lovefield,[],1775838328330,"[0.5, 5.0]",Lovefield does not support arithmetic operations and nested subqueries. Aggregates and order by clauses were often simplified. Some queries with nesting were dropped.,lovefield_tpch_05_q5,Benchmark `lovefield_tpch_05_q5` failed to run `fn`: a.getTime is not a function,1,1,0.0,0.0,0.0,0.0,0.0,0.0,0.0,0.0
tpch,lovefield,[],1775838328330,"[0.5, 6.0]",Lovefield does not support arithmetic operations and nested subqueries. Aggregates and order by clauses were often simplified. Some queries with nesting were dropped.,lovefield_tpch_05_q6,,4,4,0.7589873537369318,1317.5450092500541,1017.2407869999297,525.9944529406378,2228.5866899997927,1011.4811090002768,5270.1800370002165,5270.412023000419
tpch,lovefield,[],1775838328330,"[0.5, 7.0]",Lovefield does not support arithmetic operations and nested subqueries. Aggregates and order by clauses were often simplified. Some queries with nesting were dropped.,lovefield_tpch_05_q7,Benchmark `lovefield_tpch_05_q7` failed to run `fn`: a.getTime is not a function,1,1,0.0,0.0,0.0,0.0,0.0,0.0,0.0,0.0
tpch,lovefield,[],1775838328330,"[0.5, 8.0]",Lovefield does not support arithmetic operations and nested subqueries. Aggregates and order by clauses were often simplified. Some queries with nesting were dropped.,lovefield_tpch_05_q8,Benchmark `lovefield_tpch_05_q8` failed to run `fn`: a.getTime is not a function,1,1,0.0,0.0,0.0,0.0,0.0,0.0,0.0,0.0
tpch,lovefield,[],1775838328330,"[0.5, 10.0]",Lovefield does not support arithmetic operations and nested subqueries. Aggregates and order by clauses were often simplified. Some queries with nesting were dropped.,lovefield_tpch_05_q10,Benchmark `lovefield_tpch_05_q10` failed to run `fn`: a.getTime is not a function,1,1,0.0,0.0,0.0,0.0,0.0,0.0,0.0,0.0
tpch,lovefield,[],1775838328330,"[0.5, 12.0]",Lovefield does not support arithmetic operations and nested subqueries. Aggregates and order by clauses were often simplified. Some queries with nesting were dropped.,lovefield_tpch_05_q12,Benchmark `lovefield_tpch_05_q12` failed to run `fn`: a.getTime is not a function,1,1,0.0,0.0,0.0,0.0,0.0,0.0,0.0,0.0
tpch,lovefield,[],1775838328330,"[0.5, 13.0]","",lovefield_tpch_05_q13,,2,2,0.19339709950813033,5170.7083639998455,5526.209141999949,355.5007780001033,5526.209141999949,4815.207585999742,10341.416727999691,10341.485432000365
tpch,lovefield,[],1775838328330,"[0.5, 14.0]","",lovefield_tpch_05_q14,Benchmark `lovefield_tpch_05_q14` failed to run `fn`: a.getTime is not a function,1,1,0.0,0.0,0.0,0.0,0.0,0.0,0.0,0.0
tpch,lovefield,[],1775838328330,"[0.5, 16.0]","",lovefield_tpch_05_q16,,5,5,0.9215386305120498,1085.1417042000219,1074.566692000255,25.283423371309524,1134.2861919999123,1063.4809679999016,5425.70852100011,5425.844027000014
tpch,lovefield,[],1775838328330,"[0.5, 19.0]",Lovefield does not support arithmetic operations and nested subqueries. Aggregates and order by clauses were often simplified. Some queries with nesting were dropped.,lovefield_tpch_05_q19,,1,1,0.16344510005546922,6118.262337999884,6118.262337999884,0.0,6118.262337999884,6118.262337999884,6118.262337999884,6118.280192000326
integer_sort,lovefield,[],1775836464872,"[1000.0, 1.0, 1.0]",,lovefield_integer_sort_1000_1_1,,12509,6,2101.682132984849,0.47580934543121467,0.4276850000023842,0.15539846783896766,6.221111999999266,0.37228999997023493,5951.899101999064,5996.7823989982135
integer_sort,lovefield,[],1775836464872,"[10000.0, 1.0, 1.0]",,lovefield_integer_sort_10000_1_1,,695,5,138.87303876838254,7.200821764027472,7.051004999957513,0.7375645594835695,21.10934200003976,6.353732999996282,5004.571125999093,5010.951833001629
integer_sort,lovefield,[],1775836464872,"[100000.0, 1.0, 1.0]",,lovefield_integer_sort_100000_1_1,,35,5,6.6882348354061865,149.5162811428508,148.409645000007,8.340291600913547,179.0954909999855,133.277691999916,5233.069839999778,5233.840165000409
integer_sort,lovefield,[],1775836464872,"[1000.0, 2.0, 2.0]",,lovefield_integer_sort_1000_2_2,,12973,6,2177.9457317607903,0.45914826316243257,0.40858100005425513,0.1568756548647966,5.407005999935791,0.35760600003413856,5956.530418006238,5998.624317994341
integer_sort,lovefield,[],1775836464872,"[10000.0, 2.0, 2.0]",,lovefield_integer_sort_10000_2_2,,722,5,144.00813522942772,6.9440521426573705,6.784610000089742,0.7954257443651811,21.74271600006614,6.066358000040054,5013.6056469986215,5020.35177100054
integer_sort,lovefield,[],1775836464872,"[100000.0, 2.0, 2.0]",,lovefield_integer_sort_100000_2_2,,36,5,6.897608881802645,144.9777766666666,145.0382250000257,6.61022371297923,164.79765700001735,134.00763899995945,5219.199959999998,5219.777735000127
integer_topk,lovefield,[],1775836464872,"[1000.0, 1.0, 1.0, 100.0]",,lovefield_integer_sort_1000_1_1,,13011,6,2185.568745880148,0.45754680647086715,0.4050740000093356,0.14721586393917588,3.763727999990806,0.3665099999634549,5953.141498992452,5998.363317994052
integer_topk,lovefield,[],1775836464872,"[10000.0, 1.0, 1.0, 100.0]",,lovefield_integer_sort_10000_1_1,,713,5,142.31593170765794,7.02662019635424,6.810487000038847,0.8837852636682481,20.858829999924637,6.190508999978192,5009.980200000573,5017.048729998758
integer_topk,lovefield,[],1775836464872,"[100000.0, 1.0, 1.0, 100.0]",,lovefield_integer_sort_100000_1_1,,39,5,7.124189978845724,140.36683510256728,138.81133400008548,8.687543330208294,172.56583800003864,127.24279799999204,5474.306569000124,5474.847178999567
integer_sort,sqljs,[],1775836464872,"[1000.0, 1.0, 1.0]",,sqljs_integer_sort_1000_1_1,,16107,6,2701.8911470105145,0.3701111353454938,0.3521399999735877,0.11389192928016463,3.96401200001128,0.3251799999270588,5961.380057009868,5997.818725010497
integer_sort,sqljs,[],1775836464872,"[10000.0, 1.0, 1.0]",,sqljs_integer_sort_10000_1_1,,1219,5,243.4800090762455,4.107113367516144,3.9508970000315458,0.3797125155830908,5.476505000027828,3.894261999987066,5006.57119500218,5012.58015900047
integer_sort,sqljs,[],1775836464872,"[100000.0, 1.0, 1.0]",,sqljs_integer_sort_100000_1_1,,75,5,14.420518673147532,69.34563330666472,65.00166100007482,9.643597100246446,99.15657200000715,61.87172500009183,5200.922497999854,5202.329398999922
integer_sort,sqljs,[],1775836464872,"[1000.0, 2.0, 2.0]",,sqljs_integer_sort_1000_2_2,,14176,6,2374.825693074656,0.4210835359058765,0.40986700006760657,0.07873739463353172,5.155356000061147,0.3894190000137314,5969.280205001705,5998.127706009662
integer_sort,sqljs,[],1775836464872,"[10000.0, 2.0, 2.0]",,sqljs_integer_sort_10000_2_2,,1059,5,211.4692415514311,4.728820100093808,4.568818000028841,0.3919601205470559,6.596651999978349,4.512806999962777,5007.820485999342,5013.034856000333
integer_sort,sqljs,[],1775836464872,"[100000.0, 2.0, 2.0]",,sqljs_integer_sort_100000_2_2,,67,5,12.991976156108633,76.97058461193488,72.82856900000479,8.685216417404163,98.22785100003239,69.8290819999529,5157.0291689996375,5158.112790999701
integer_topk,sqljs,[],1775836464872,"[1000.0, 1.0, 1.0, 100.0]",,sqljs_integer_topk_1000_1_1_100,,30518,6,5140.756063050718,0.19452391588613183,0.19107099995017052,0.030896414221279523,2.4519369999179617,0.18731900001876056,5936.480865012971,5994.815292001702
integer_topk,sqljs,[],1775836464872,"[10000.0, 1.0, 1.0, 100.0]",,sqljs_integer_topk_10000_1_1_100,,5473,5,1096.882100724382,0.9116750098662371,0.9084950000979006,0.028727288363296695,1.9886649999534711,0.8978320000460371,4989.597328997916,5001.484202000662
integer_topk,sqljs,[],1775836464872,"[100000.0, 1.0, 1.0, 100.0]",,sqljs_integer_topk_100000_1_1_100,,655,5,130.65401314795284,7.653802404581313,7.638465999974869,0.11677334812867639,9.88146099995356,7.60606799996458,5013.24057500076,5015.968270001002
integer_sort,arquero,[],1775836464872,"[1000.0, 1.0, 1.0]",,arquero_integer_sort_1000_1_1,,10210,6,1708.2586400252185,0.585391448677372,0.5754179999930784,0.10959875733651046,9.886701000039466,0.5550379999913275,5976.846690995968,5999.592562999693
integer_sort,arquero,[],1775836464872,"[10000.0, 1.0, 1.0]",,arquero_integer_sort_10000_1_1,,268,5,52.954342005595144,18.884192723881647,18.780308000044897,0.7691228109131306,26.345423999940977,18.412383000017144,5060.963650000282,5062.412753998651
integer_sort,arquero,[],1775836464872,"[100000.0, 1.0, 1.0]",,arquero_integer_sort_100000_1_1,,15,5,2.8856394669860035,346.5436384000117,347.1014720000094,2.1105719356786397,349.84588300006,340.9751560000004,5198.154576000175,5198.417816000059
integer_sort,arquero,[],1775836464872,"[1000.0, 2.0, 2.0]",,arquero_integer_sort_1000_2_2,,9717,6,1624.8070207865173,0.615457704950051,0.6083959999959916,0.14644089459362578,10.934037000057288,0.5840249999891967,5980.402518999646,5999.738000008743
integer_sort,arquero,[],1775836464872,"[10000.0, 2.0, 2.0]",,arquero_integer_sort_10000_2_2,,269,5,53.104575331941305,18.83076917100438,18.81254600000102,0.1303227210672815,19.37093700002879,18.60436200001277,5065.4769070001785,5067.145646999474
integer_sort,arquero,[],1775836464872,"[100000.0, 2.0, 2.0]",,arquero_integer_sort_100000_2_2,,15,5,2.8618221019929213,349.4277297333116,348.4072719999822,3.270996282026047,358.430456000031,346.234536999953,5241.415945999674,5241.666501000174
integer_topk,arquero,[],1775836464873,"[1000.0, 1.0, 1.0, 100.0]",,arquero_integer_topk_1000_1_1_100,,7220,5,1448.1198157257068,0.6905505947371231,0.6830130000598729,0.056530491598046226,3.9028170000528917,0.6387079999549314,4985.775294002029,5000.513966995175
integer_topk,arquero,[],1775836464873,"[10000.0, 1.0, 1.0, 100.0]",,arquero_integer_topk_10000_1_1_100,,277,5,54.983172743379626,18.18738261371807,18.07651599997189,0.2914742986636382,19.050138999940827,17.70226199994795,5037.904983999906,5039.413350999705
integer_topk,arquero,[],1775836464873,"[100000.0, 1.0, 1.0, 100.0]",,arquero_integer_topk_100000_1_1_100,,15,5,2.982866471661272,335.24799366666315,334.25448899995536,4.081048279063604,344.90748300007544,329.66688999999315,5028.719904999947,5028.982750999858
integer_sort,duckdb,[sync],1775836464873,"[1000.0, 1.0, 1.0]",,duckdb_sync_integer_sort_1000_1_1,,9854,6,1658.541406003621,0.602939423990369,0.5142200000118464,0.32302264318925833,6.229836000013165,0.4574309999588877,5941.365084001096,5998.609866994782
integer_sort,duckdb,[sync],1775836464873,"[10000.0, 1.0, 1.0]",,duckdb_sync_integer_sort_10000_1_1,,353,5,70.16916752834847,14.251273532581077,14.568081000004895,2.2776898810917663,18.596689000027254,1.345835999934934,5030.69955700112,5033.818884999375
integer_sort,duckdb,[sync],1775836464873,"[100000.0, 1.0, 1.0]",,duckdb_sync_integer_sort_100000_1_1,,224,5,44.43770668297542,22.503411508927197,22.29690399998799,1.1856900479459271,37.197949999943376,21.660885000019334,5040.764177999692,5043.398059999803
integer_sort,duckdb,[sync],1775836464873,"[1000.0, 2.0, 2.0]",,duckdb_sync_integer_sort_1000_2_2,,7082,5,1426.5811728735957,0.7009765858508259,0.6758599999593571,0.23845719756622621,14.005223999964073,0.6316319999750704,4964.316180995549,5000.29517199914
integer_sort,duckdb,[sync],1775836464873,"[10000.0, 2.0, 2.0]",,duckdb_sync_integer_sort_10000_2_2,,328,5,65.08404547452818,15.364748652438454,15.297368000028655,1.1987575920470408,33.488773999968544,5.066099000046961,5039.637557999813,5042.555207000463
integer_sort,duckdb,[sync],1775836464873,"[100000.0, 2.0, 2.0]",,duckdb_sync_integer_sort_100000_2_2,,170,5,33.523769199425686,29.82958133529721,29.53815100004431,2.194110508269494,56.974181000026874,28.76451000000816,5071.028827000526,5073.690816000802
integer_topk,duckdb,[sync],1775836464873,"[1000.0, 1.0, 1.0, 100.0]",,duckdb_sync_integer_topk_1000_1_1_100,,14136,6,2390.9034449404107,0.4182519382437559,0.40397200000006706,0.16294819563959306,4.664153999998234,0.37870499992277473,5912.4093990137335,5997.115559009719
integer_topk,duckdb,[sync],1775836464873,"[10000.0, 1.0, 1.0, 100.0]",,duckdb_sync_integer_topk_10000_1_1_100,,11045,6,1856.8766007775696,0.5385387481221147,0.5263190000550821,0.189106744903433,5.190181000041775,0.49033699999563396,5948.1604730087565,5998.987032995326
integer_topk,duckdb,[sync],1775836464873,"[100000.0, 1.0, 1.0, 100.0]",,duckdb_sync_integer_topk_100000_1_1_100,,4677,5,939.512661998888,1.0643816102195156,1.0529040000401437,0.17089483504048467,5.877835999941453,1.0224379999563098,4978.112790996674,5002.382643993129
tpch,duckdb,[sync],1775837299414,"[0.1, 1.0]",,duckdb_sync_tpch_01_q1,,145,5,28.495439527355266,35.09333481380459,33.9664229999762,2.982099099056562,56.3193330001086,33.22982999985106,5088.533548001666,5090.902644000482
tpch,duckdb,[sync],1775837299415,"[0.1, 2.0]",,duckdb_sync_tpch_01_q2,,652,5,129.94536969898078,7.695541613498857,7.192935999948531,1.7059490611162564,20.26625999994576,6.47815899993293,5017.493132001255,5023.331605001353
tpch,duckdb,[sync],1775837299415,"[0.1, 3.0]",,duckdb_sync_tpch_01_q3,,555,5,110.82476773393967,9.023253740542275,8.90868299989961,0.9019681961358857,19.3671270001214,8.119042000034824,5007.905826000962,5013.575269000605
tpch,duckdb,[sync],1775837299415,"[0.1, 4.0]",,duckdb_sync_tpch_01_q4,,367,5,72.93492237170538,13.710853010901994,13.620128999929875,0.5538709005926638,19.764647000003606,13.251596000045538,5031.883055001032,5035.4945850013755
tpch,duckdb,[sync],1775837299415,"[0.1, 5.0]",,duckdb_sync_tpch_01_q5,,517,5,102.98481498827483,9.71016940811957,9.579112999839708,0.8945252591303905,21.131783000193536,9.096920000156388,5020.157583997818,5024.887985001551
tpch,duckdb,[sync],1775837299415,"[0.1, 6.0]",,duckdb_sync_tpch_01_q6,,1054,5,210.56757643579755,4.749069239085353,4.699176999973133,0.35542751563657676,8.91684400010854,4.288463999982923,5005.518977995962,5012.439188999357
tpch,duckdb,[sync],1775837299415,"[0.1, 7.0]",,duckdb_sync_tpch_01_q7,,371,5,73.79380207552505,13.551273574121296,13.398805999895558,0.8458465021040678,23.653520999941975,12.968533999985084,5027.522495999001,5030.734254999086
tpch,duckdb,[sync],1775837299415,"[0.1, 8.0]",,duckdb_sync_tpch_01_q8,,388,5,77.31411665774911,12.934248533508544,12.853218999924138,0.8674347963545286,24.406883999938145,12.145249999826774,5018.488431001315,5021.445385000436
tpch,duckdb,[sync],1775837299415,"[0.1, 9.0]",,duckdb_sync_tpch_01_q9,,206,5,40.71849979028753,24.558861577668615,24.515972999855876,0.8026677950000356,33.52446099999361,23.10600099992007,5059.125484999735,5060.779983999906
tpch,duckdb,[sync],1775837299415,"[0.1, 10.0]",,duckdb_sync_tpch_01_q10,,153,5,30.135015754635592,33.18398796078853,33.05671799997799,1.3456165327686083,46.55338899977505,31.725681999931112,5077.150158000644,5078.578433000483
tpch,duckdb,[sync],1775837299415,"[0.1, 11.0]",,duckdb_sync_tpch_01_q11,,1406,5,281.53269873272717,3.55198527382906,3.4707450000569224,0.4906249487729496,12.482238000025973,3.3089209999889135,4994.091295003658,5009.432170002954
tpch,duckdb,[sync],1775837299415,"[0.1, 12.0]",,duckdb_sync_tpch_01_q12,,236,5,46.62436042799021,21.44801538981896,21.362075000070035,0.5303524301665208,25.54006000002846,20.91643700003624,5061.731631997274,5063.970277996967
tpch,duckdb,[sync],1775837299415,"[0.1, 13.0]",,duckdb_sync_tpch_01_q13,,180,5,35.3876642018697,28.25843475555432,28.260377999860793,0.19659230100305072,29.134489000076428,27.844774999888614,5086.5182559997775,5088.2597790011205
tpch,duckdb,[sync],1775837299416,"[0.1, 14.0]",,duckdb_sync_tpch_01_q14,,888,5,177.37015654973396,5.637927030411135,5.530174999963492,0.3834757674799095,10.750297999940813,5.340734000084922,5006.4792030050885,5011.242844998604
tpch,duckdb,[sync],1775837299416,"[0.1, 15.0]",,duckdb_sync_tpch_01_q15,,1042,5,208.23208535266403,4.802333887721431,4.7475260000210255,0.32751533487213663,10.54245200008154,4.556553999893367,5004.031911005732,5009.987456994364
tpch,duckdb,[sync],1775837299416,"[0.1, 16.0]",,duckdb_sync_tpch_01_q16,,580,5,115.6976658477479,8.64321672068949,8.514520999975502,0.7138176317000517,16.501753999851644,8.127706999890506,5013.065697999904,5017.036752000218
tpch,duckdb,[sync],1775837299416,"[0.1, 17.0]",,duckdb_sync_tpch_01_q17,,640,5,127.46639926718484,7.8452047421837054,7.800742999883369,0.43502567373845147,17.01585299987346,7.355091999983415,5020.931034997571,5025.64257499692
tpch,duckdb,[sync],1775837299416,"[0.1, 18.0]",,duckdb_sync_tpch_01_q18,,261,5,51.54076745313007,19.40211699232798,19.317792000016198,0.4477953129642736,21.741379000013694,18.563490000087768,5063.952534997603,5074.228468999732
tpch,duckdb,[sync],1775837299416,"[0.1, 19.0]",,duckdb_sync_tpch_01_q19,,150,5,29.695242583503035,33.67542788000467,33.62556600011885,0.5499663007993641,39.95616899989545,33.24462100001983,5051.3141820007,5052.6126070006285
tpch,duckdb,[sync],1775837299416,"[0.1, 20.0]",,duckdb_sync_tpch_01_q20,,540,5,107.71129405105809,9.284077485188996,9.21695699985139,0.6211328934450713,16.56430700002238,8.57970799994655,5013.401842002058,5017.338099001674
tpch,duckdb,[sync],1775837299416,"[0.1, 21.0]",,duckdb_sync_tpch_01_q21,,140,5,27.691396532162877,36.1122993142843,36.06614200002514,0.40400226722489346,37.347154000075534,35.43385099992156,5055.721903999802,5056.907575997524
tpch,duckdb,[sync],1775837299416,"[0.1, 22.0]",,duckdb_sync_tpch_01_q22,,973,5,193.9897103499409,5.154912588900129,5.079066999955103,0.5323621128031729,15.103870999999344,4.957186000188813,5015.729948999826,5020.735529000405
regex,lovefield,[],1775836846519,"[1000.0, 20.0]",,lovefield_regex_1000,,29076,6,4895.676371013927,0.2042618678638052,0.18723100004717708,0.0643863678834009,3.458405999932438,0.17182899999897927,5939.118070008,5993.501819991856
regex,lovefield,[],1775836846519,"[10000.0, 20.0]",,lovefield_regex_10000,,2288,5,457.9846221722434,2.183479426136518,2.086583000025712,0.3205697243070351,10.288585999980569,1.9331830000737682,4995.800927000353,5005.251223997213
regex,lovefield,[],1775836846519,"[100000.0, 20.0]",,lovefield_regex_100000,,129,5,25.479127954930593,39.24781106201419,38.38024600001518,6.532516827566429,86.20951900002547,30.84344399999827,5062.967626999831,5064.803711000248
regex,sqljs,[],1775836846519,"[1000.0, 20.0]",,sqljs_regex_1000,,50140,6,8496.306358895421,0.11769820410878015,0.11297400004696101,0.036979090109899256,4.434734000009485,0.1105159999569878,5901.387954014237,5991.06769800547
regex,sqljs,[],1775836846519,"[10000.0, 20.0]",,sqljs_regex_10000,,5347,5,1071.2372080192126,0.9335000619041837,0.9263739999150857,0.0629247836896172,4.255885999999009,0.9111070000799373,4991.42483100167,5001.181165994261
regex,sqljs,[],1775836846519,"[100000.0, 20.0]",,sqljs_regex_100000,,535,5,106.50531270789966,9.389202985043472,9.355267999926582,0.1188447222544629,10.226107999915257,9.262646000017412,5023.223596998258,5025.54814599955
regex,arquero,[],1775836846519,"[1000.0, 20.0]",,arquero_regex_1000,,94695,6,16266.420889400784,0.061476338697936984,0.05664800002705306,0.038857454852789866,7.0323289999505505,0.053776999935507774,5821.501893001143,5984.275033017388
regex,arquero,[],1775836846519,"[10000.0, 20.0]",,arquero_regex_10000,,12612,6,2116.3488387779607,0.4725118948620153,0.4541800000006333,0.12416561733151935,10.443424999946728,0.42914500006008893,5959.320017999737,5997.58963699895
regex,arquero,[],1775836846520,"[100000.0, 20.0]",,arquero_regex_100000,,1094,5,218.6831306177015,4.572826432360641,4.354928000015207,1.1004697448287633,37.812076000031084,4.240831999923103,5002.672117002541,5008.046840998111
regex,duckdb,[sync],1775836846520,"[1000.0, 20.0]",,duckdb_sync_regex_1000,,13735,6,2320.263329644288,0.43098556410547884,0.36806499992962927,0.3033713836903499,6.057766999932937,0.33324499998707324,5919.586722988752,5992.745266989456
regex,duckdb,[sync],1775836846520,"[10000.0, 20.0]",,duckdb_sync_regex_10000,,10509,6,1765.438390906085,0.5664315476264028,0.5492740001063794,0.18687631270803373,4.172843000036664,0.5024549999507144,5952.629134005867,5998.77638700197
regex,duckdb,[sync],1775836846520,"[100000.0, 20.0]",,duckdb_sync_regex_100000,,2502,5,501.32831435197375,1.9947008205443542,1.9713860000483692,0.2056612579722669,4.724007999990135,1.932316999998875,4990.741453001974,5003.544453001465
tpch,lovefield,[],1775837609265,"[0.1, 1.0]",Lovefield does not support arithmetic operations and nested subqueries. Aggregates and order by clauses were often simplified. Some queries with nesting were dropped.,lovefield_tpch_01_q1,Benchmark `lovefield_tpch_01_q1` failed to run `fn`: a.getTime is not a function,1,1,0.0,0.0,0.0,0.0,0.0,0.0,0.0,0.0
tpch,lovefield,[],1775837609265,"[0.1, 3.0]",Lovefield does not support arithmetic operations and nested subqueries. Aggregates and order by clauses were often simplified. Some queries with nesting were dropped.,lovefield_tpch_01_q3,Benchmark `lovefield_tpch_01_q3` failed to run `fn`: a.getTime is not a function,1,1,0.0,0.0,0.0,0.0,0.0,0.0,0.0,0.0
tpch,lovefield,[],1775837609265,"[0.1, 4.0]",Lovefield does not support arithmetic operations and nested subqueries. Aggregates and order by clauses were often simplified. Some queries with nesting were dropped.,lovefield_tpch_01_q4,Benchmark `lovefield_tpch_01_q4` failed to run `fn`: a.getTime is not a function,1,1,0.0,0.0,0.0,0.0,0.0,0.0,0.0,0.0
tpch,lovefield,[],1775837609265,"[0.1, 5.0]",Lovefield does not support arithmetic operations and nested subqueries. Aggregates and order by clauses were often simplified. Some queries with nesting were dropped.,lovefield_tpch_01_q5,Benchmark `lovefield_tpch_01_q5` failed to run `fn`: a.getTime is not a function,1,1,0.0,0.0,0.0,0.0,0.0,0.0,0.0,0.0
tpch,lovefield,[],1775837609265,"[0.1, 6.0]",Lovefield does not support arithmetic operations and nested subqueries. Aggregates and order by clauses were often simplified. Some queries with nesting were dropped.,lovefield_tpch_01_q6,,28,5,5.335975825445047,187.4071458928686,174.65866499999538,51.71169160095322,413.6390690000262,165.2091290000826,5247.400085000321,5248.273336000508
tpch,lovefield,[],1775837609265,"[0.1, 7.0]",Lovefield does not support arithmetic operations and nested subqueries. Aggregates and order by clauses were often simplified. Some queries with nesting were dropped.,lovefield_tpch_01_q7,Benchmark `lovefield_tpch_01_q7` failed to run `fn`: a.getTime is not a function,1,1,0.0,0.0,0.0,0.0,0.0,0.0,0.0,0.0
tpch,lovefield,[],1775837609265,"[0.1, 8.0]",Lovefield does not support arithmetic operations and nested subqueries. Aggregates and order by clauses were often simplified. Some queries with nesting were dropped.,lovefield_tpch_01_q8,Benchmark `lovefield_tpch_01_q8` failed to run `fn`: a.getTime is not a function,1,1,0.0,0.0,0.0,0.0,0.0,0.0,0.0,0.0
tpch,lovefield,[],1775837609265,"[0.1, 9.0]",Lovefield does not support arithmetic operations and nested subqueries. Aggregates and order by clauses were often simplified. Some queries with nesting were dropped.,lovefield_tpch_01_q9,,2,2,0.2180376913273147,4586.362999500008,4806.079605000094,219.71660550008528,4806.079605000094,4366.646393999923,9172.725999000017,9172.760691999923
tpch,lovefield,[],1775837609265,"[0.1, 10.0]",Lovefield does not support arithmetic operations and nested subqueries. Aggregates and order by clauses were often simplified. Some queries with nesting were dropped.,lovefield_tpch_01_q10,Benchmark `lovefield_tpch_01_q10` failed to run `fn`: a.getTime is not a function,1,1,0.0,0.0,0.0,0.0,0.0,0.0,0.0,0.0
tpch,lovefield,[],1775837609265,"[0.1, 12.0]",Lovefield does not support arithmetic operations and nested subqueries. Aggregates and order by clauses were often simplified. Some queries with nesting were dropped.,lovefield_tpch_01_q12,Benchmark `lovefield_tpch_01_q12` failed to run `fn`: a.getTime is not a function,1,1,0.0,0.0,0.0,0.0,0.0,0.0,0.0,0.0
tpch,lovefield,[],1775837609265,"[0.1, 13.0]","",lovefield_tpch_01_q13,,8,4,1.2120849772080886,825.0246631250193,823.1167240000796,16.572412464473043,866.0908269998617,811.0886380001903,6600.197305000154,6600.348638999974
tpch,lovefield,[],1775837609265,"[0.1, 14.0]","",lovefield_tpch_01_q14,Benchmark `lovefield_tpch_01_q14` failed to run `fn`: a.getTime is not a function,1,1,0.0,0.0,0.0,0.0,0.0,0.0,0.0,0.0
tpch,lovefield,[],1775837609265,"[0.1, 16.0]","",lovefield_tpch_01_q16,,30,5,5.164717440702003,193.62143456662696,179.27258000010625,59.556233332887444,430.50744699989446,159.20415099989623,5808.643036998808,5809.2075890004635
tpch,lovefield,[],1775837609265,"[0.1, 19.0]",Lovefield does not support arithmetic operations and nested subqueries. Aggregates and order by clauses were often simplified. Some queries with nesting were dropped.,lovefield_tpch_01_q19,,6,4,0.9433858071935055,1060.0117071666755,982.9230430000462,170.94556619461096,1441.6733659999445,972.2985050000716,6360.070243000053,6360.153375000227
integer_sum,lovefield,[],1775836914952,"[1000.0, 10.0]",,lovefield_integer_sum_1000,,15167,6,2549.211148886864,0.39227821533601054,0.35579599998891354,0.12463042592922717,4.529295000014827,0.3278269999427721,5949.683692001272,5995.031834000722
integer_sum,lovefield,[],1775836914952,"[10000.0, 10.0]",,lovefield_integer_sum_10000,,1018,5,203.2519809013377,4.920001249510176,4.658506000065245,0.5597256337222338,8.215852999943309,4.218420000048354,5008.56127200136,5014.4408709987765
integer_sum,lovefield,[],1775836914952,"[100000.0, 10.0]",,lovefield_integer_sum_100000,,51,5,9.754791952749587,102.51371888235194,99.57228500000201,11.376413032364553,147.35953999997582,92.97073200007435,5228.1996629999485,5229.103917
integer_sum,sqljs,[],1775836914952,"[1000.0, 10.0]",,sqljs_integer_sum_1000,,17596,6,2952.396567001551,0.33870788605326096,0.32783500000368804,0.10138142397471307,6.046804000041448,0.319588000071235,5959.903962993179,5997.402350006509
integer_sum,sqljs,[],1775836914952,"[10000.0, 10.0]",,sqljs_integer_sum_10000,,1256,5,250.71566432051986,3.988582056530701,3.965980999986641,0.14148423608109878,6.286681000026874,3.9251420000800863,5009.65906300256,5013.378736999934
integer_sum,sqljs,[],1775836914952,"[100000.0, 10.0]",,sqljs_integer_sum_100000,,110,5,21.76793174014038,45.93913707272361,45.771727999905124,0.45440897526323626,47.599057000014,45.54229600005783,5053.305077999597,5054.5330569992075
integer_sum,arquero,[],1775836914952,"[1000.0, 10.0]",,arquero_integer_sum_1000,,43407,6,7352.581706123629,0.13600664908859778,0.12767700001131743,0.05984937831064753,7.7880069999955595,0.12077300006058067,5903.640616988763,5991.719469013973
integer_sum,arquero,[],1775836914952,"[10000.0, 10.0]",,arquero_integer_sum_10000,,521,5,103.76655987795002,9.637016021116992,9.580683000036515,0.43760172530891533,17.171415999997407,9.239121999940835,5020.885347001953,5022.8754949985305
integer_sum,arquero,[],1775836914952,"[100000.0, 10.0]",,arquero_integer_sum_100000,,5,5,0.8477599003654384,1179.5792648000177,1166.710871999967,32.58196904992387,1244.1084510000655,1156.0972530000145,5897.8963240000885,5898.021368000191
integer_sum,duckdb,[sync],1775836914952,"[1000.0, 10.0]",,duckdb_sync_integer_sum_1000,,11471,6,1930.5168298456406,0.5179960021793529,0.4440649999305606,0.2965716288643619,11.795318000018597,0.39928000001236796,5941.932140999357,5997.750148999854
integer_sum,duckdb,[sync],1775836914952,"[10000.0, 10.0]",,duckdb_sync_integer_sum_10000,,5718,5,1148.9874497960689,0.8703315255336233,0.8445289999945089,0.15657777469908604,6.778033000067808,0.7985079999780282,4976.555663001258,5000.884136004839
integer_sum,duckdb,[sync],1775836914952,"[100000.0, 10.0]",,duckdb_sync_integer_sum_100000,,72,5,13.854134754934263,72.18061738888758,71.02705899998546,2.879269948908881,84.88334800000302,69.88487400009762,5197.004451999906,5197.953074999619
integer_join3,lovefield,[],1775836753175,"[10.0, 100.0, 1000.0, 10.0, 10.0, 10.0]",,lovefield_integer_join3_10_100_1000_10_10_10,,11796,6,1981.155896762362,0.5047558355373328,0.4522540000034496,0.16946063017874757,6.571219999925233,0.40474400005768985,5954.099835998379,5997.55474599055
integer_join3,lovefield,[],1775836753175,"[100.0, 1000.0, 10000.0, 10.0, 10.0, 100.0]",,lovefield_integer_join3_100_1000_10000_100_10_10,,994,5,198.62232641006227,5.034680733400874,4.799135999986902,0.7980539918940803,12.217416999978013,4.05570499994792,5004.472649000469,5011.485665998654
integer_join3,lovefield,[],1775836753175,"[1000.0, 10000.0, 100000.0, 10.0, 10.0, 100.0]",,lovefield_integer_join3_1000_10000_100000_100_10_10,,122,5,23.609049085099397,42.35664030327843,40.7530610000249,7.6861331203174466,77.99869000003673,34.50300100003369,5167.510116999969,5169.468393998803
integer_join3,lovefield,[],1775836753175,"[10000.0, 100000.0, 1000000.0, 10.0, 10.0, 100.0]",,lovefield_integer_join3_10000_100000_1000000_100_10_10,,12,4,2.3817229907339135,419.8641084166787,411.6572780000279,32.49763768822257,521.0921240000753,397.5994430000428,5038.369301000144,5038.585316999815
integer_join3,sqljs,[],1775836753175,"[10.0, 100.0, 1000.0, 10.0, 10.0, 10.0]",,sqljs_integer_join3_10_100_1000_10_10_10,,4347,5,871.7148301888324,1.1471641474579228,1.0893799999030307,0.5174651578365899,28.963506000000052,1.0507979999529198,4986.722548999591,5001.213447006652
integer_join3,sqljs,[],1775836753175,"[100.0, 1000.0, 10000.0, 10.0, 10.0, 100.0]",,sqljs_integer_join3_100_1000_10000_100_10_10,,370,5,73.62316994988404,13.582680570270325,13.278744000010192,0.6779374154186566,15.623403999954462,13.193607999943197,5025.59181100002,5028.189254999976
integer_join3,sqljs,[],1775836753175,"[1000.0, 10000.0, 100000.0, 10.0, 10.0, 100.0]",,sqljs_integer_join3_1000_10000_100000_100_10_10,,45,5,8.022587483098937,124.64806424444541,124.21998199995141,1.0979475389214484,128.93791199999396,123.94712300004903,5609.162891000044,5609.640369999455
integer_join3,sqljs,[],1775836753175,"[10000.0, 100000.0, 1000000.0, 10.0, 10.0, 100.0]",,sqljs_integer_join3_10000_100000_1000000_100_10_10,,3,3,0.4117810153172523,2428.47523999998,2427.13992700004,3.776632761048812,2433.621415999951,2424.66437699995,7285.425719999941,7285.518076000037
integer_join3,arquero,[],1775836753175,"[10.0, 100.0, 1000.0, 10.0, 10.0, 10.0]",,arquero_integer_join3_10_100_1000_10_10_10,,13622,6,2287.6529936326624,0.43712923366583545,0.40989200002513826,0.16022279466289926,12.098202000022866,0.38581599993631244,5954.57442099601,5998.197806003736
integer_join3,arquero,[],1775836753175,"[100.0, 1000.0, 10000.0, 10.0, 10.0, 100.0]",,arquero_integer_join3_100_1000_10000_100_10_10,,1179,5,235.76415239067697,4.241526923664514,4.127464000019245,0.32672248921560076,9.203281000023708,4.025717000011355,5000.760243000463,5006.501203999505
integer_join3,arquero,[],1775836753175,"[1000.0, 10000.0, 100000.0, 10.0, 10.0, 100.0]",,arquero_integer_join3_1000_10000_100000_100_10_10,,265,5,52.32118307674186,19.112717664148658,19.106278999941424,0.42844148313813474,22.90356700005941,18.412119999993593,5064.8701809993945,5067.903298000456
integer_join3,arquero,[],1775836753175,"[10000.0, 100000.0, 1000000.0, 10.0, 10.0, 100.0]",,arquero_integer_join3_10000_100000_1000000_100_10_10,,30,5,5.563094004311304,179.75608523332824,179.25389399996493,3.1906771988049223,188.6062610000372,174.43996999994852,5392.682556999847,5393.136889000074
integer_join3,duckdb,[sync],1775836753175,"[10.0, 100.0, 1000.0, 10.0, 10.0, 10.0]",,duckdb_sync_integer_join3_10_100_1000_10_10_10,,3909,5,785.6437082610142,1.2728416068060335,1.0754410000517964,0.7773292100751843,11.607393000042066,0.9773890000069514,4975.537841004785,5000.156650003628
integer_join3,duckdb,[sync],1775836753175,"[100.0, 1000.0, 10000.0, 10.0, 10.0, 100.0]",,duckdb_sync_integer_join3_100_1000_10000_100_10_10,,316,5,62.92179528397141,15.892744246837124,16.02030299999751,1.5694621420999475,20.973548999987543,2.339068999979645,5022.107182000531,5024.580128999893
integer_join3,duckdb,[sync],1775836753175,"[1000.0, 10000.0, 100000.0, 10.0, 10.0, 100.0]",,duckdb_sync_integer_join3_1000_10000_100000_100_10_10,,267,5,52.891443942782544,18.906649647942878,18.621279999963008,1.337804806254787,30.574424999998882,17.862080999999307,5048.075456000748,5050.30052799976
integer_join3,duckdb,[sync],1775836753175,"[10000.0, 100000.0, 1000000.0, 10.0, 10.0, 100.0]",,duckdb_sync_integer_join3_10000_100000_1000000_100_10_10,,913,5,182.50049926777893,5.479437064622613,5.357331000035629,0.7699931918348388,24.78417699993588,5.160528999986127,5002.726040000445,5008.375374000869
tpch,sqljs,[],1775838141267,"[0.5, 1.0]",,sqljs_tpch_05_q1,,1,1,0.16334838270966617,6121.884915000293,6121.884915000293,0.0,6121.884915000293,6121.884915000293,6121.884915000293,6122.005890999921
tpch,sqljs,[],1775838141267,"[0.5, 2.0]",,sqljs_tpch_05_q2,,40,5,7.293440100244036,137.1095102250227,136.44932100037113,2.3227316593845684,147.37749500013888,135.2393040000461,5484.380409000907,5485.525178000797
tpch,sqljs,[],1775838141267,"[0.5, 3.0]",,sqljs_tpch_05_q3,,6,3,1.0048887363047734,995.1350471667635,996.4148380002007,5.636648536009301,1004.8444269997999,989.4145280001685,5970.810283000581,5970.953350000083
tpch,sqljs,[],1775838141267,"[0.5, 4.0]",,sqljs_tpch_05_q4,,25,5,4.368155650485186,228.9295711999014,228.35780799994245,1.1039335667890402,231.44181900005788,227.65416300017387,5723.239279997535,5723.732313000597
tpch,sqljs,[],1775838141267,"[0.5, 5.0]",,sqljs_tpch_05_q5,,5,5,0.902798048202071,1107.6674367999658,1106.6579590002075,3.5635773572124885,1113.5461710002273,1104.1757109998725,5538.337183999829,5538.444146999158
tpch,sqljs,[],1775838141267,"[0.5, 6.0]",,sqljs_tpch_05_q6,,8,4,1.5188356702652974,658.3990747500211,658.7322709998116,1.9659889085548272,662.5934369997121,656.2790339998901,5267.192598000169,5267.348303999752
tpch,sqljs,[],1775838141267,"[0.5, 7.0]",,sqljs_tpch_05_q7,,4,4,0.6460868738570229,1547.779471250018,1547.2625369997695,8.27992522627152,1560.4020460001193,1537.1791920000687,6191.117885000072,6191.201666000299
tpch,sqljs,[],1775838141267,"[0.5, 8.0]",,sqljs_tpch_05_q8,,2,2,0.385119224469092,2596.598498500185,2607.435636000242,10.837137500056997,2607.435636000242,2585.761361000128,5193.19699700037,5193.582531999797
tpch,sqljs,[],1775838141267,"[0.5, 9.0]",,sqljs_tpch_05_q9,,2,2,0.20036181948465062,4990.970847500255,4994.125637000427,3.1547895001713187,4994.125637000427,4987.816058000084,9981.94169500051,9982.409498000052
tpch,sqljs,[],1775838141267,"[0.5, 10.0]",,sqljs_tpch_05_q10,,8,4,1.3453317295214515,743.3110942501226,744.3173120003194,1.7838645840077034,745.2728249998763,739.7666670000181,5946.48875400098,5950.401426000055
tpch,sqljs,[],1775838141267,"[0.5, 11.0]",,sqljs_tpch_05_q11,,15,5,2.91524047239846,343.0248754667118,343.040277000051,1.1127705533875039,345.55253100022674,341.25793500011787,5145.373132000677,5145.693671999499
tpch,sqljs,[],1775838141267,"[0.5, 12.0]",,sqljs_tpch_05_q12,,10,5,1.6209849944854828,616.9088568999432,617.0812369999476,1.2584184750351888,619.9061610000208,615.4344200002961,6169.088568999432,6169.294409000315
tpch,sqljs,[],1775838141267,"[0.5, 13.0]",,sqljs_tpch_05_q13,,2,2,0.2694765405937853,3710.898164999904,3711.1352119999938,0.2370470000896603,3711.1352119999938,3710.6611179998145,7421.796329999808,7421.8484469996765
tpch,sqljs,[],1775838141267,"[0.5, 14.0]",,sqljs_tpch_05_q14,,8,4,1.574321685465825,635.1941977500683,634.5216959998943,3.5730729505896575,643.8924810001627,632.2158200000413,5081.553582000546,5081.721056999639
tpch,sqljs,[],1775838141267,"[0.5, 15.0]",,sqljs_tpch_05_q15,,4,4,0.7842365759863736,1275.1254285000032,1276.3116740002297,6.0207803924394705,1284.4078600001521,1268.743946999777,5100.501714000013,5100.590172000229
tpch,sqljs,[],1775838141267,"[0.5, 16.0]",,sqljs_tpch_05_q16,,20,5,3.939017087541747,253.87043969999067,253.4965769997798,2.8073276996605445,260.4892690000124,250.8634430002421,5077.4087939998135,5077.905467000324
tpch,sqljs,[],1775838141267,"[0.5, 18.0]",,sqljs_tpch_05_q18,,8,4,1.3997038425426467,714.4368470000336,714.2196249999106,1.878269472773074,718.5027200002223,712.5712230000645,5715.494776000269,5715.6677220007405
tpch,sqljs,[],1775838141267,"[0.5, 19.0]",,sqljs_tpch_05_q19,,8,4,1.3747858177999144,727.3860313749174,724.715328999795,6.61947966052699,744.1844270001166,723.1406879997812,5819.088250999339,5819.255696000531
tpch,sqljs,[],1775838141267,"[0.5, 21.0]",,sqljs_tpch_05_q21,,2,2,0.2312107136654093,4325.059094999917,4332.452109999955,7.393015000037849,4332.452109999955,4317.666079999879,8650.118189999834,8650.163947000168
tpch,sqljs,[],1775837141490,"[0.01, 1.0]",,sqljs_tpch_001_q1,,64,5,12.370053121073324,80.84039657812173,79.4354329998605,7.155504631298762,136.1826140000485,78.37881699996069,5173.7853809997905,5179.089485999662
tpch,sqljs,[],1775837141490,"[0.01, 2.0]",,sqljs_tpch_001_q2,,2238,5,448.5846974201651,2.2292334218065264,2.1894109998829663,0.20761170008425922,7.492716000182554,2.1492969999089837,4989.024398003006,5003.178596002283
tpch,sqljs,[],1775837141490,"[0.01, 3.0]",,sqljs_tpch_001_q3,,269,5,53.35192565566556,18.74346591450177,18.719491000054404,0.26077723332200103,20.844956000102684,18.358846000162885,5041.992331000976,5044.874584001722
tpch,sqljs,[],1775837141490,"[0.01, 4.0]",,sqljs_tpch_001_q4,,1154,5,230.592352370938,4.336657264293696,4.304946999996901,0.1944980612880728,8.319555999943987,4.270619000075385,5004.502482994925,5010.142237995984
tpch,sqljs,[],1775837141490,"[0.01, 5.0]",,sqljs_tpch_001_q5,,272,5,54.0197178138609,18.511759047793664,18.460026999935508,0.32082533315492523,21.569519999902695,18.05975400004536,5035.198460999876,5037.740371000022
tpch,sqljs,[],1775837141490,"[0.01, 6.0]",,sqljs_tpch_001_q6,,371,5,73.92484554481979,13.527251800529111,13.515134999994189,0.14834723298011204,14.84462200012058,13.180969999870285,5018.6104179963,5021.438456999371
tpch,sqljs,[],1775837141490,"[0.01, 7.0]",,sqljs_tpch_001_q7,,225,5,44.19788378438416,22.625517657777916,22.56190300011076,0.2146632483899679,24.231211999896914,22.368839000118896,5090.741473000031,5092.987304996932
tpch,sqljs,[],1775837141490,"[0.01, 8.0]",,sqljs_tpch_001_q8,,185,5,36.550252353890315,27.35959222162696,27.303590999916196,0.20836471173168453,28.32460100017488,27.039292000001296,5061.524561000988,5063.441155999433
tpch,sqljs,[],1775837141490,"[0.01, 9.0]",,sqljs_tpch_001_q9,,130,5,25.145787913517964,39.76809171536902,39.72907300014049,0.2507085558825945,41.872290999861434,39.47694700001739,5169.851922997972,5171.231514999177
tpch,sqljs,[],1775837141490,"[0.01, 10.0]",,sqljs_tpch_001_q10,,375,5,74.62902857680301,13.399611640005062,13.384511000011116,0.13961516665025742,13.929192000068724,13.10015399986878,5024.854365001898,5029.245693001663
tpch,sqljs,[],1775837141490,"[0.01, 11.0]",,sqljs_tpch_001_q11,,912,5,182.30248898722127,5.4853886282929265,5.474978000158444,0.07264565174058135,7.141159999882802,5.419557000044733,5002.674429003149,5006.535341999726
tpch,sqljs,[],1775837141490,"[0.01, 12.0]",,sqljs_tpch_001_q12,,413,5,82.12480256888804,12.176589394673778,12.162286000093445,0.17248045868386735,12.883481999859214,11.897895999951288,5028.93142000027,5032.381640000269
tpch,sqljs,[],1775837141490,"[0.01, 13.0]",,sqljs_tpch_001_q13,,135,5,26.896831221986137,37.17910082963882,37.12600100017153,0.25952380334995306,39.27188600017689,36.85552900005132,5019.17861200124,5020.964505997952
tpch,sqljs,[],1775837141490,"[0.01, 14.0]",,sqljs_tpch_001_q14,,417,5,83.00569177054919,12.047366616307206,12.016925999894738,0.325794281624105,17.75451699993573,11.72429500008002,5023.751879000105,5026.735132996459
tpch,sqljs,[],1775837141490,"[0.01, 15.0]",,sqljs_tpch_001_q15,,209,5,41.23740001552829,24.24983145453985,24.24146099993959,0.29982235983169525,25.06429299991578,23.690800999989733,5068.214773998829,5070.20412400132
tpch,sqljs,[],1775837141490,"[0.01, 16.0]",,sqljs_tpch_001_q16,,1279,5,255.6169601588705,3.9121034824077485,3.899542999919504,0.0452298518938148,4.565821000142023,3.879598999861628,5003.58035399951,5007.622689006152
tpch,sqljs,[],1775837141490,"[0.01, 17.0]",,sqljs_tpch_001_q17,,245,5,48.24703862260173,20.726660714291835,20.694697000086308,0.15855481897079285,21.35708099999465,20.49543200014159,5078.031875001499,5080.247149001341
tpch,sqljs,[],1775837141490,"[0.01, 18.0]",,sqljs_tpch_001_q18,,355,5,70.54393672235096,14.175562726756112,14.151795000070706,0.12595552277961225,15.380825000116602,13.995960999978706,5032.32476799842,5035.3421300014015
tpch,sqljs,[],1775837141490,"[0.01, 19.0]",,sqljs_tpch_001_q19,,374,5,74.10675499155448,13.494046529415089,13.46327399997972,0.10442127063260262,14.07111500017345,13.304226000094786,5046.773402001243,5050.266908000223
tpch,sqljs,[],1775837141490,"[0.01, 20.0]",,sqljs_tpch_001_q20,,16,4,3.198004739258925,312.6949712500209,311.54092099983245,4.600053262772954,326.3856529998593,307.8579650002066,5003.119540000334,5003.31940899929
tpch,sqljs,[],1775837141490,"[0.01, 21.0]",,sqljs_tpch_001_q21,,65,5,12.837624543508465,77.8960310461537,77.70804099994712,1.331910900206735,88.17199699999765,77.23936299979687,5063.24201799999,5064.043417998822
tpch,sqljs,[],1775837141490,"[0.01, 22.0]",,sqljs_tpch_001_q22,,64,5,12.01382537583773,83.23743426562578,82.72437700000592,0.9794133424733952,85.82581000006758,82.37755100009963,5327.19579300005,5327.843049001414
tpch,arquero,[],1775838257801,"[0.5, 1.0]",Arquero does not implement join reordering and query unnesting. The plans were generated by a relational database and were manually migrated to the Arquero API.,arquero_tpch_05_q1,"Benchmark `arquero_tpch_05_q1` failed to run `before` callback: Unrecognized type: ""undefined""",0,0,0.0,0.0,0.0,0.0,0.0,0.0,0.0,0.0
tpch,arquero,[],1775838257801,"[0.5, 2.0]",Arquero does not implement join reordering and query unnesting. The plans were generated by a relational database and were manually migrated to the Arquero API.,arquero_tpch_05_q2,"Benchmark `arquero_tpch_05_q2` failed to run `before` callback: Unrecognized type: ""undefined""",0,0,0.0,0.0,0.0,0.0,0.0,0.0,0.0,0.0
tpch,arquero,[],1775838257801,"[0.5, 3.0]",Arquero does not implement join reordering and query unnesting. The plans were generated by a relational database and were manually migrated to the Arquero API.,arquero_tpch_05_q3,"Benchmark `arquero_tpch_05_q3` failed to run `before` callback: Unrecognized type: ""undefined""",0,0,0.0,0.0,0.0,0.0,0.0,0.0,0.0,0.0
tpch,arquero,[],1775838257801,"[0.5, 4.0]",Arquero does not implement join reordering and query unnesting. The plans were generated by a relational database and were manually migrated to the Arquero API.,arquero_tpch_05_q4,"Benchmark `arquero_tpch_05_q4` failed to run `before` callback: Unrecognized type: ""undefined""",0,0,0.0,0.0,0.0,0.0,0.0,0.0,0.0,0.0
tpch,arquero,[],1775838257801,"[0.5, 5.0]",Arquero does not implement join reordering and query unnesting. The plans were generated by a relational database and were manually migrated to the Arquero API.,arquero_tpch_05_q5,"Benchmark `arquero_tpch_05_q5` failed to run `before` callback: Unrecognized type: ""undefined""",0,0,0.0,0.0,0.0,0.0,0.0,0.0,0.0,0.0
tpch,arquero,[],1775838257801,"[0.5, 6.0]",Arquero does not implement join reordering and query unnesting. The plans were generated by a relational database and were manually migrated to the Arquero API.,arquero_tpch_05_q6,"Benchmark `arquero_tpch_05_q6` failed to run `before` callback: Unrecognized type: ""undefined""",0,0,0.0,0.0,0.0,0.0,0.0,0.0,0.0,0.0
tpch,arquero,[],1775838257801,"[0.5, 7.0]",Arquero does not implement join reordering and query unnesting. The plans were generated by a relational database and were manually migrated to the Arquero API.,arquero_tpch_05_q7,"Benchmark `arquero_tpch_05_q7` failed to run `before` callback: Unrecognized type: ""undefined""",0,0,0.0,0.0,0.0,0.0,0.0,0.0,0.0,0.0
tpch,arquero,[],1775838257801,"[0.5, 8.0]",Arquero does not implement join reordering and query unnesting. The plans were generated by a relational database and were manually migrated to the Arquero API.,arquero_tpch_05_q8,"Benchmark `arquero_tpch_05_q8` failed to run `before` callback: Unrecognized type: ""undefined""",0,0,0.0,0.0,0.0,0.0,0.0,0.0,0.0,0.0
tpch,arquero,[],1775838257801,"[0.5, 10.0]",Arquero does not implement join reordering and query unnesting. The plans were generated by a relational database and were manually migrated to the Arquero API.,arquero_tpch_05_q10,"Benchmark `arquero_tpch_05_q10` failed to run `before` callback: Unrecognized type: ""undefined""",0,0,0.0,0.0,0.0,0.0,0.0,0.0,0.0,0.0
tpch,arquero,[],1775838257801,"[0.5, 11.0]",Arquero does not implement join reordering and query unnesting. The plans were generated by a relational database and were manually migrated to the Arquero API.,arquero_tpch_05_q11,"Benchmark `arquero_tpch_05_q11` failed to run `before` callback: Unrecognized type: ""undefined""",0,0,0.0,0.0,0.0,0.0,0.0,0.0,0.0,0.0
tpch,arquero,[],1775838257801,"[0.5, 12.0]",Arquero does not implement join reordering and query unnesting. The plans were generated by a relational database and were manually migrated to the Arquero API.,arquero_tpch_05_q12,"Benchmark `arquero_tpch_05_q12` failed to run `before` callback: Unrecognized type: ""undefined""",0,0,0.0,0.0,0.0,0.0,0.0,0.0,0.0,0.0
tpch,arquero,[],1775838257801,"[0.5, 13.0]",Arquero does not implement join reordering and query unnesting. The plans were generated by a relational database and were manually migrated to the Arquero API.,arquero_tpch_05_q13,"Benchmark `arquero_tpch_05_q13` failed to run `before` callback: Unrecognized type: ""undefined""",0,0,0.0,0.0,0.0,0.0,0.0,0.0,0.0,0.0
tpch,arquero,[],1775838257801,"[0.5, 14.0]",Arquero does not implement join reordering and query unnesting. The plans were generated by a relational database and were manually migrated to the Arquero API.,arquero_tpch_05_q14,"Benchmark `arquero_tpch_05_q14` failed to run `before` callback: Unrecognized type: ""undefined""",0,0,0.0,0.0,0.0,0.0,0.0,0.0,0.0,0.0
tpch,arquero,[],1775838257801,"[0.5, 15.0]",Arquero does not implement join reordering and query unnesting. The plans were generated by a relational database and were manually migrated to the Arquero API.,arquero_tpch_05_q15,"Benchmark `arquero_tpch_05_q15` failed to run `before` callback: Unrecognized type: ""undefined""",0,0,0.0,0.0,0.0,0.0,0.0,0.0,0.0,0.0
tpch,arquero,[],1775838257801,"[0.5, 16.0]",Arquero does not implement join reordering and query unnesting. The plans were generated by a relational database and were manually migrated to the Arquero API.,arquero_tpch_05_q16,"Benchmark `arquero_tpch_05_q16` failed to run `before` callback: Unrecognized type: ""undefined""",0,0,0.0,0.0,0.0,0.0,0.0,0.0,0.0,0.0
tpch,arquero,[],1775838257801,"[0.5, 17.0]",Arquero does not implement join reordering and query unnesting. The plans were generated by a relational database and were manually migrated to the Arquero API.,arquero_tpch_05_q17,"Benchmark `arquero_tpch_05_q17` failed to run `before` callback: Unrecognized type: ""undefined""",0,0,0.0,0.0,0.0,0.0,0.0,0.0,0.0,0.0
tpch,arquero,[],1775838257801,"[0.5, 18.0]",Arquero does not implement join reordering and query unnesting. The plans were generated by a relational database and were manually migrated to the Arquero API.,arquero_tpch_05_q18,"Benchmark `arquero_tpch_05_q18` failed to run `before` callback: Unrecognized type: ""undefined""",0,0,0.0,0.0,0.0,0.0,0.0,0.0,0.0,0.0
tpch,arquero,[],1775838257801,"[0.5, 19.0]",Arquero does not implement join reordering and query unnesting. The plans were generated by a relational database and were manually migrated to the Arquero API.,arquero_tpch_05_q19,"Benchmark `arquero_tpch_05_q19` failed to run `before` callback: Unrecognized type: ""undefined""",0,0,0.0,0.0,0.0,0.0,0.0,0.0,0.0,0.0
tpch,arquero,[],1775838257801,"[0.5, 20.0]",Arquero does not implement join reordering and query unnesting. The plans were generated by a relational database and were manually migrated to the Arquero API.,arquero_tpch_05_q20,"Benchmark `arquero_tpch_05_q20` failed to run `before` callback: Unrecognized type: ""undefined""",0,0,0.0,0.0,0.0,0.0,0.0,0.0,0.0,0.0
tpch,arquero,[],1775838257802,"[0.5, 22.0]",Arquero does not implement join reordering and query unnesting. The plans were generated by a relational database and were manually migrated to the Arquero API.,arquero_tpch_05_q22,"Benchmark `arquero_tpch_05_q22` failed to run `before` callback: Unrecognized type: ""undefined""",0,0,0.0,0.0,0.0,0.0,0.0,0.0,0.0,0.0
integer_join2,lovefield,[],1775836660805,"[1000.0, 10000.0, 10.0, 100.0]",,lovefield_integer_join2_1000_10000_100_10,,2697,5,540.7851945616072,1.8491630504245953,1.746360000106506,0.4655616227232237,15.40105600003153,1.446656999993138,4987.192746995133,5002.626183003187
integer_join2,lovefield,[],1775836660806,"[10000.0, 100000.0, 10.0, 100.0]",,lovefield_integer_join2_10000_100000_100_10,,186,5,36.74432001856217,27.215090645161727,26.477206000010483,4.739559679030951,64.16129900002852,24.141154999961145,5062.006860000081,5064.646850999445
integer_join2,lovefield,[],1775836660806,"[100000.0, 100000.0, 10.0, 100.0]",,lovefield_integer_join2_100000_100000_100_10,,96,5,18.71070070933838,53.44535277082954,52.08325599995442,10.161865275680368,106.15343599999323,42.946472999989055,5130.753865999635,5132.1081419993425
integer_join2,lovefield,[],1775836660806,"[100000.0, 1000000.0, 10.0, 100.0]",,lovefield_integer_join2_100000_1000000_100_10,,15,5,2.676650899049127,373.60120453333946,365.63569300004747,34.116531162140156,499.0412410000572,354.07650699990336,5604.018068000092,5604.260054000071
integer_join2,sqljs,[],1775836660806,"[1000.0, 10000.0, 10.0, 100.0]",,sqljs_integer_join2_1000_10000_10_100,,557,5,110.80937554577888,9.02450713285419,8.872656999970786,1.1931745807692697,33.975906000006944,8.81232100003399,5026.650472999783,5030.193255000166
integer_join2,sqljs,[],1775836660806,"[10000.0, 100000.0, 10.0, 100.0]",,sqljs_integer_join2_10000_100000_10_100,,45,5,8.895102127827906,112.42141862222667,112.36922300001606,0.24558444314583294,113.66271200007759,112.21013400005177,5058.9638380002,5059.629211000167
integer_join2,sqljs,[],1775836660806,"[100000.0, 100000.0, 10.0, 100.0]",,sqljs_integer_join2_100000_100000_10_100,,45,5,8.591738091783949,116.39088497777573,116.23999899998307,0.5340794749612192,118.89236099994741,115.98639600002207,5237.589823999908,5238.240777999861
integer_join2,sqljs,[],1775836660806,"[100000.0, 1000000.0, 10.0, 100.0]",,sqljs_integer_join2_100000_1000000_10_100,,3,3,0.4374485797239308,2285.9829619999896,2277.667606999981,14.64770540896319,2306.571527000051,2273.709751999937,6857.948885999969,6858.047744999989
integer_join2,arquero,[],1775836660806,"[1000.0, 10000.0, 10.0, 100.0]",,arquero_integer_join2_1000_10000_100_10,,3498,5,700.9326840128747,1.4266705245858275,1.3674200000241399,0.3327380317215844,16.796493000001647,1.321705999900587,4990.493495001225,5004.080728000728
integer_join2,arquero,[],1775836660806,"[10000.0, 100000.0, 10.0, 100.0]",,arquero_integer_join2_10000_100000_100_10,,353,5,70.29003620732098,14.226767461756495,14.03887599997688,0.833139019894873,18.415245999931358,13.428313000011258,5022.048914000043,5025.381415997981
integer_join2,arquero,[],1775836660806,"[100000.0, 100000.0, 10.0, 100.0]",,arquero_integer_join2_100000_100000_100_10,,220,5,43.84935107298575,22.805354595454197,22.540913000004366,0.9635305169964158,27.530107000027783,22.019780000089668,5017.178010999924,5022.524291001144
integer_join2,arquero,[],1775836660806,"[100000.0, 1000000.0, 10.0, 100.0]",,arquero_integer_join2_100000_1000000_100_10,,35,5,6.045512668277637,165.41194351427922,165.68256099999417,2.3122786420014774,168.98227399995085,161.2588429999305,5789.418022999773,5789.994372000569
integer_join2,duckdb,[sync],1775836660806,"[1000.0, 10000.0, 10.0, 100.0]",,duckdb_sync_integer_join2_1000_10000_10_100,,4525,5,910.2610089730828,1.098585999117063,0.9217150000622496,0.5166493867215549,9.60047000006307,0.8257250000024214,4971.10164600471,5000.517117998563
integer_join2,duckdb,[sync],1775836660806,"[10000.0, 100000.0, 10.0, 100.0]",,duckdb_sync_integer_join2_10000_100000_10_100,,4553,5,916.2155549519488,1.0914462154623048,1.0567969999974594,0.25724478654530447,5.19171699997969,1.0106679999735206,4969.354618999874,5002.1469409985
integer_join2,duckdb,[sync],1775836660806,"[100000.0, 100000.0, 10.0, 100.0]",,duckdb_sync_integer_join2_100000_100000_10_100,,3822,5,767.0642747215102,1.3036717169015064,1.2733269999735057,0.26678387476619253,5.364477999974042,1.2298110000556335,4982.633301997557,5001.175889000529
integer_join2,duckdb,[sync],1775836660806,"[100000.0, 1000000.0, 10.0, 100.0]",,duckdb_sync_integer_join2_100000_1000000_10_100,,1395,5,279.0295804839978,3.5838494193534065,3.537108000018634,0.30429082156894455,9.042107999906875,3.4359760000370443,4999.469939998002,5007.224075002712
csv_sum,arquero,[],1775836982446,"[1000.0, 10.0]",,arquero_csv_sum_1000,,19621,6,3302.477539995029,0.3028029677384287,0.28212400001939386,0.10815018015625362,8.75921099993866,0.25468900008127093,5941.297029995709,5995.757145012496
csv_sum,arquero,[],1775836982446,"[10000.0, 100.0]",,arquero_csv_sum_10000,,2119,5,423.84989705099275,2.359325806040461,2.2862980000209063,0.6005500863596823,23.351903999922797,2.236284999991767,4999.411382999737,5005.977318000514
csv_sum,arquero,[],1775836982446,"[100000.0, 1000.0]",,arquero_csv_sum_100000,,197,5,38.77212271709178,25.7917268883288,25.450381999951787,2.119732753450556,45.50780699995812,24.695361000020057,5080.970197000774,5082.735269001219
csv_sum,arquero,[],1775836982446,"[1000000.0, 10000.0]",,arquero_csv_sum_1000000,,20,5,3.7071818400595804,269.74668175001864,264.62433000002056,10.917211787672496,297.1269030000549,258.28224500012584,5394.933635000372,5395.255728999618
csv_sum,duckdb,[sync],1775836982446,"[1000.0, 10.0]",,duckdb_sync_csv_sum_1000,,1088,5,217.42182868202516,4.599354195766971,4.105812000110745,2.01674253914949,41.531982000218704,3.8387089997995645,5004.097364994464,5012.617341000587
csv_sum,duckdb,[sync],1775836982446,"[10000.0, 100.0]",,duckdb_sync_csv_sum_10000,,694,5,138.5661029954492,7.216772200289432,7.137159999925643,0.3974140580664096,12.424841000000015,7.0223709999118,5008.439907000866,5012.913585997419
csv_sum,duckdb,[sync],1775836982446,"[100000.0, 1000.0]",,duckdb_sync_csv_sum_100000,,225,5,44.26267020011043,22.592401124446962,22.545782999834046,0.39820101940681085,26.021684000035748,22.07812299998477,5083.290253000567,5085.024978997884
csv_sum,duckdb,[sync],1775836982446,"[1000000.0, 10000.0]",,duckdb_sync_csv_sum_1000000,,40,5,7.228588471914911,138.33959477500758,139.0318279999774,2.770469702889301,152.5906219999306,136.0114239999093,5533.583791000303,5534.050287999911
tpch,arquero,[],1775837253547,"[0.01, 1.0]",Arquero does not implement join reordering and query unnesting. The plans were generated by a relational database and were manually migrated to the Arquero API.,arquero_tpch_001_q1,"Benchmark `arquero_tpch_001_q1` failed to run `before` callback: Unrecognized type: ""undefined""",0,0,0.0,0.0,0.0,0.0,0.0,0.0,0.0,0.0
tpch,arquero,[],1775837253547,"[0.01, 2.0]",Arquero does not implement join reordering and query unnesting. The plans were generated by a relational database and were manually migrated to the Arquero API.,arquero_tpch_001_q2,"Benchmark `arquero_tpch_001_q2` failed to run `before` callback: Unrecognized type: ""undefined""",0,0,0.0,0.0,0.0,0.0,0.0,0.0,0.0,0.0
tpch,arquero,[],1775837253547,"[0.01, 3.0]",Arquero does not implement join reordering and query unnesting. The plans were generated by a relational database and were manually migrated to the Arquero API.,arquero_tpch_001_q3,"Benchmark `arquero_tpch_001_q3` failed to run `before` callback: Unrecognized type: ""undefined""",0,0,0.0,0.0,0.0,0.0,0.0,0.0,0.0,0.0
tpch,arquero,[],1775837253547,"[0.01, 4.0]",Arquero does not implement join reordering and query unnesting. The plans were generated by a relational database and were manually migrated to the Arquero API.,arquero_tpch_001_q4,"Benchmark `arquero_tpch_001_q4` failed to run `before` callback: Unrecognized type: ""undefined""",0,0,0.0,0.0,0.0,0.0,0.0,0.0,0.0,0.0
tpch,arquero,[],1775837253547,"[0.01, 5.0]",Arquero does not implement join reordering and query unnesting. The plans were generated by a relational database and were manually migrated to the Arquero API.,arquero_tpch_001_q5,"Benchmark `arquero_tpch_001_q5` failed to run `before` callback: Unrecognized type: ""undefined""",0,0,0.0,0.0,0.0,0.0,0.0,0.0,0.0,0.0
tpch,arquero,[],1775837253547,"[0.01, 6.0]",Arquero does not implement join reordering and query unnesting. The plans were generated by a relational database and were manually migrated to the Arquero API.,arquero_tpch_001_q6,"Benchmark `arquero_tpch_001_q6` failed to run `before` callback: Unrecognized type: ""undefined""",0,0,0.0,0.0,0.0,0.0,0.0,0.0,0.0,0.0
tpch,arquero,[],1775837253547,"[0.01, 7.0]",Arquero does not implement join reordering and query unnesting. The plans were generated by a relational database and were manually migrated to the Arquero API.,arquero_tpch_001_q7,"Benchmark `arquero_tpch_001_q7` failed to run `before` callback: Unrecognized type: ""undefined""",0,0,0.0,0.0,0.0,0.0,0.0,0.0,0.0,0.0
tpch,arquero,[],1775837253547,"[0.01, 8.0]",Arquero does not implement join reordering and query unnesting. The plans were generated by a relational database and were manually migrated to the Arquero API.,arquero_tpch_001_q8,"Benchmark `arquero_tpch_001_q8` failed to run `before` callback: Unrecognized type: ""undefined""",0,0,0.0,0.0,0.0,0.0,0.0,0.0,0.0,0.0
tpch,arquero,[],1775837253547,"[0.01, 9.0]",Arquero does not implement join reordering and query unnesting. The plans were generated by a relational database and were manually migrated to the Arquero API.,arquero_tpch_001_q9,"Benchmark `arquero_tpch_001_q9` failed to run `before` callback: Unrecognized type: ""undefined""",0,0,0.0,0.0,0.0,0.0,0.0,0.0,0.0,0.0
tpch,arquero,[],1775837253547,"[0.01, 10.0]",Arquero does not implement join reordering and query unnesting. The plans were generated by a relational database and were manually migrated to the Arquero API.,arquero_tpch_001_q10,"Benchmark `arquero_tpch_001_q10` failed to run `before` callback: Unrecognized type: ""undefined""",0,0,0.0,0.0,0.0,0.0,0.0,0.0,0.0,0.0
tpch,arquero,[],1775837253547,"[0.01, 11.0]",Arquero does not implement join reordering and query unnesting. The plans were generated by a relational database and were manually migrated to the Arquero API.,arquero_tpch_001_q11,"Benchmark `arquero_tpch_001_q11` failed to run `before` callback: Unrecognized type: ""undefined""",0,0,0.0,0.0,0.0,0.0,0.0,0.0,0.0,0.0
tpch,arquero,[],1775837253547,"[0.01, 12.0]",Arquero does not implement join reordering and query unnesting. The plans were generated by a relational database and were manually migrated to the Arquero API.,arquero_tpch_001_q12,"Benchmark `arquero_tpch_001_q12` failed to run `before` callback: Unrecognized type: ""undefined""",0,0,0.0,0.0,0.0,0.0,0.0,0.0,0.0,0.0
tpch,arquero,[],1775837253547,"[0.01, 13.0]",Arquero does not implement join reordering and query unnesting. The plans were generated by a relational database and were manually migrated to the Arquero API.,arquero_tpch_001_q13,"Benchmark `arquero_tpch_001_q13` failed to run `before` callback: Unrecognized type: ""undefined""",0,0,0.0,0.0,0.0,0.0,0.0,0.0,0.0,0.0
tpch,arquero,[],1775837253547,"[0.01, 14.0]",Arquero does not implement join reordering and query unnesting. The plans were generated by a relational database and were manually migrated to the Arquero API.,arquero_tpch_001_q14,"Benchmark `arquero_tpch_001_q14` failed to run `before` callback: Unrecognized type: ""undefined""",0,0,0.0,0.0,0.0,0.0,0.0,0.0,0.0,0.0
tpch,arquero,[],1775837253547,"[0.01, 15.0]",Arquero does not implement join reordering and query unnesting. The plans were generated by a relational database and were manually migrated to the Arquero API.,arquero_tpch_001_q15,"Benchmark `arquero_tpch_001_q15` failed to run `before` callback: Unrecognized type: ""undefined""",0,0,0.0,0.0,0.0,0.0,0.0,0.0,0.0,0.0
tpch,arquero,[],1775837253547,"[0.01, 16.0]",Arquero does not implement join reordering and query unnesting. The plans were generated by a relational database and were manually migrated to the Arquero API.,arquero_tpch_001_q16,"Benchmark `arquero_tpch_001_q16` failed to run `before` callback: Unrecognized type: ""undefined""",0,0,0.0,0.0,0.0,0.0,0.0,0.0,0.0,0.0
tpch,arquero,[],1775837253547,"[0.01, 17.0]",Arquero does not implement join reordering and query unnesting. The plans were generated by a relational database and were manually migrated to the Arquero API.,arquero_tpch_001_q17,"Benchmark `arquero_tpch_001_q17` failed to run `before` callback: Unrecognized type: ""undefined""",0,0,0.0,0.0,0.0,0.0,0.0,0.0,0.0,0.0
tpch,arquero,[],1775837253547,"[0.01, 18.0]",Arquero does not implement join reordering and query unnesting. The plans were generated by a relational database and were manually migrated to the Arquero API.,arquero_tpch_001_q18,"Benchmark `arquero_tpch_001_q18` failed to run `before` callback: Unrecognized type: ""undefined""",0,0,0.0,0.0,0.0,0.0,0.0,0.0,0.0,0.0
tpch,arquero,[],1775837253547,"[0.01, 19.0]",Arquero does not implement join reordering and query unnesting. The plans were generated by a relational database and were manually migrated to the Arquero API.,arquero_tpch_001_q19,"Benchmark `arquero_tpch_001_q19` failed to run `before` callback: Unrecognized type: ""undefined""",0,0,0.0,0.0,0.0,0.0,0.0,0.0,0.0,0.0
tpch,arquero,[],1775837253547,"[0.01, 20.0]",Arquero does not implement join reordering and query unnesting. The plans were generated by a relational database and were manually migrated to the Arquero API.,arquero_tpch_001_q20,"Benchmark `arquero_tpch_001_q20` failed to run `before` callback: Unrecognized type: ""undefined""",0,0,0.0,0.0,0.0,0.0,0.0,0.0,0.0,0.0
tpch,arquero,[],1775837253547,"[0.01, 21.0]",Arquero does not implement join reordering and query unnesting. The plans were generated by a relational database and were manually migrated to the Arquero API.,arquero_tpch_001_q21,"Benchmark `arquero_tpch_001_q21` failed to run `before` callback: Unrecognized type: ""undefined""",0,0,0.0,0.0,0.0,0.0,0.0,0.0,0.0,0.0
tpch,arquero,[],1775837253547,"[0.01, 22.0]",Arquero does not implement join reordering and query unnesting. The plans were generated by a relational database and were manually migrated to the Arquero API.,arquero_tpch_001_q22,"Benchmark `arquero_tpch_001_q22` failed to run `before` callback: Unrecognized type: ""undefined""",0,0,0.0,0.0,0.0,0.0,0.0,0.0,0.0,0.0
tpch,sqljs,[],1775837790598,"[0.25, 1.0]",,sqljs_tpch_025_q1,,2,2,0.36652858189828397,2728.300190999871,3094.282815999817,365.982624999946,3094.282815999817,2362.317565999925,5456.600381999742,5456.769899999956
tpch,sqljs,[],1775837790598,"[0.25, 2.0]",,sqljs_tpch_025_q2,,74,5,14.238556639668678,70.23183777026921,69.67760999989696,1.418866413777976,77.29269899986684,69.23129300004803,5197.155994999921,5198.992481001653
tpch,sqljs,[],1775837790598,"[0.25, 3.0]",,sqljs_tpch_025_q3,,10,5,1.982152546244334,504.5020383999916,510.23211700003594,6.704805538043632,512.1370719999541,496.03123199986294,5045.020383999916,5045.2344810003415
tpch,sqljs,[],1775837790598,"[0.25, 4.0]",,sqljs_tpch_025_q4,,45,5,8.74690280772615,114.32618173334437,114.0704319998622,1.034364769908435,119.58252599998377,113.57328299991786,5144.678178000497,5145.5477179999
tpch,sqljs,[],1775837790598,"[0.25, 5.0]",,sqljs_tpch_025_q5,,10,5,1.8494065165531601,540.7140026000095,541.0103680000175,2.6175056468949522,546.5138980001211,536.5630840000231,5407.1400260000955,5407.358462000731
tpch,sqljs,[],1775837790598,"[0.25, 6.0]",,sqljs_tpch_025_q6,,16,4,3.0369710983769567,329.27544174998184,329.06342200003564,1.1719899028155603,333.28932699980214,328.2121439999901,5268.407067999709,5268.71556700021
tpch,sqljs,[],1775837790598,"[0.25, 7.0]",,sqljs_tpch_025_q7,,8,4,1.3389488369999971,746.8545267499285,745.0010649999604,4.400303099741179,754.6972459999379,742.2987579999026,5974.836213999428,5975.147043000208
tpch,sqljs,[],1775837790598,"[0.25, 8.0]",,sqljs_tpch_025_q8,,5,5,0.8281763600246942,1207.4722827999854,1210.6348869998474,7.582674654547016,1215.4743920001201,1193.6615130000282,6037.361413999926,6037.50443500001
tpch,sqljs,[],1775837790598,"[0.25, 9.0]",,sqljs_tpch_025_q9,,3,3,0.4403497348776089,2270.922225666698,2277.1098470001016,9.266388398555724,2277.8326109999325,2257.82421900006,6812.766677000094,6812.847694000229
tpch,sqljs,[],1775837790598,"[0.25, 10.0]",,sqljs_tpch_025_q10,,15,5,2.676971308170513,373.5564878666618,372.0111230001785,5.253360513243829,391.4636869998649,369.34757099999115,5603.347317999927,5603.819716999773
tpch,sqljs,[],1775837790598,"[0.25, 11.0]",,sqljs_tpch_025_q11,,30,5,5.742119188946119,174.15173163334063,173.8282940001227,1.9683554113808484,184.11584799992852,172.84198900009505,5224.551949000219,5225.147366000107
tpch,sqljs,[],1775837790598,"[0.25, 12.0]",,sqljs_tpch_025_q12,,20,5,3.2202375353891117,310.5360983500141,310.0150699999649,1.4278441517412395,313.69107099995017,308.8830709999893,6210.721967000281,6211.1266069998965
tpch,sqljs,[],1775837790598,"[0.25, 13.0]",,sqljs_tpch_025_q13,,3,3,0.5963174982972425,1676.9590073332656,1671.960586000001,10.352879389422897,1691.3760619999375,1667.5403739998583,5030.877021999797,5030.971361999866
tpch,sqljs,[],1775837790598,"[0.25, 14.0]",,sqljs_tpch_025_q14,,16,4,3.1584796847861756,316.6080202500016,316.6316189998761,0.7308938547010895,318.19879300007597,315.3112300001085,5065.728324000025,5066.052158000646
tpch,sqljs,[],1775837790598,"[0.25, 15.0]",,sqljs_tpch_025_q15,,10,5,1.5961334991412546,626.5140106000006,622.4021780001931,8.462083223029502,643.2523799999617,620.3649550001137,6265.140106000006,6265.3606009995565
tpch,sqljs,[],1775837790598,"[0.25, 16.0]",,sqljs_tpch_025_q16,,45,5,8.748664075836784,114.30316575555027,114.06984400004148,0.9968428959804491,117.3297109999694,113.21465700003318,5143.642458999762,5144.515189001104
tpch,sqljs,[],1775837790598,"[0.25, 18.0]",,sqljs_tpch_025_q18,,15,5,2.843223902726367,351.71341906668,350.98065199982375,2.8147464999925913,362.1632399999071,350.37103100004606,5275.7012860002,5276.022465999704
tpch,sqljs,[],1775837790598,"[0.25, 19.0]",,sqljs_tpch_025_q19,,15,5,2.786864345363388,358.8262204666467,358.3028339999728,2.557740819993951,366.5075430001598,355.97947999997996,5382.3933069997,5382.703906999901
tpch,sqljs,[],1775837790598,"[0.25, 21.0]",,sqljs_tpch_025_q21,,3,3,0.4737196226139274,2110.9532986666695,2110.2037980000023,1.9196147655886895,2113.587710000109,2109.068387999898,6332.859896000009,6332.9277849998325
tpch,arquero,[],1775837897252,"[0.25, 1.0]",Arquero does not implement join reordering and query unnesting. The plans were generated by a relational database and were manually migrated to the Arquero API.,arquero_tpch_025_q1,"Benchmark `arquero_tpch_025_q1` failed to run `before` callback: Unrecognized type: ""undefined""",0,0,0.0,0.0,0.0,0.0,0.0,0.0,0.0,0.0
tpch,arquero,[],1775837897252,"[0.25, 2.0]",Arquero does not implement join reordering and query unnesting. The plans were generated by a relational database and were manually migrated to the Arquero API.,arquero_tpch_025_q2,"Benchmark `arquero_tpch_025_q2` failed to run `before` callback: Unrecognized type: ""undefined""",0,0,0.0,0.0,0.0,0.0,0.0,0.0,0.0,0.0
tpch,arquero,[],1775837897252,"[0.25, 3.0]",Arquero does not implement join reordering and query unnesting. The plans were generated by a relational database and were manually migrated to the Arquero API.,arquero_tpch_025_q3,"Benchmark `arquero_tpch_025_q3` failed to run `before` callback: Unrecognized type: ""undefined""",0,0,0.0,0.0,0.0,0.0,0.0,0.0,0.0,0.0
tpch,arquero,[],1775837897252,"[0.25, 4.0]",Arquero does not implement join reordering and query unnesting. The plans were generated by a relational database and were manually migrated to the Arquero API.,arquero_tpch_025_q4,"Benchmark `arquero_tpch_025_q4` failed to run `before` callback: Unrecognized type: ""undefined""",0,0,0.0,0.0,0.0,0.0,0.0,0.0,0.0,0.0
tpch,arquero,[],1775837897252,"[0.25, 5.0]",Arquero does not implement join reordering and query unnesting. The plans were generated by a relational database and were manually migrated to the Arquero API.,arquero_tpch_025_q5,"Benchmark `arquero_tpch_025_q5` failed to run `before` callback: Unrecognized type: ""undefined""",0,0,0.0,0.0,0.0,0.0,0.0,0.0,0.0,0.0
tpch,arquero,[],1775837897252,"[0.25, 6.0]",Arquero does not implement join reordering and query unnesting. The plans were generated by a relational database and were manually migrated to the Arquero API.,arquero_tpch_025_q6,"Benchmark `arquero_tpch_025_q6` failed to run `before` callback: Unrecognized type: ""undefined""",0,0,0.0,0.0,0.0,0.0,0.0,0.0,0.0,0.0
tpch,arquero,[],1775837897252,"[0.25, 7.0]",Arquero does not implement join reordering and query unnesting. The plans were generated by a relational database and were manually migrated to the Arquero API.,arquero_tpch_025_q7,"Benchmark `arquero_tpch_025_q7` failed to run `before` callback: Unrecognized type: ""undefined""",0,0,0.0,0.0,0.0,0.0,0.0,0.0,0.0,0.0
tpch,arquero,[],1775837897252,"[0.25, 8.0]",Arquero does not implement join reordering and query unnesting. The plans were generated by a relational database and were manually migrated to the Arquero API.,arquero_tpch_025_q8,"Benchmark `arquero_tpch_025_q8` failed to run `before` callback: Unrecognized type: ""undefined""",0,0,0.0,0.0,0.0,0.0,0.0,0.0,0.0,0.0
tpch,arquero,[],1775837897252,"[0.25, 10.0]",Arquero does not implement join reordering and query unnesting. The plans were generated by a relational database and were manually migrated to the Arquero API.,arquero_tpch_025_q10,"Benchmark `arquero_tpch_025_q10` failed to run `before` callback: Unrecognized type: ""undefined""",0,0,0.0,0.0,0.0,0.0,0.0,0.0,0.0,0.0
tpch,arquero,[],1775837897252,"[0.25, 11.0]",Arquero does not implement join reordering and query unnesting. The plans were generated by a relational database and were manually migrated to the Arquero API.,arquero_tpch_025_q11,"Benchmark `arquero_tpch_025_q11` failed to run `before` callback: Unrecognized type: ""undefined""",0,0,0.0,0.0,0.0,0.0,0.0,0.0,0.0,0.0
tpch,arquero,[],1775837897252,"[0.25, 12.0]",Arquero does not implement join reordering and query unnesting. The plans were generated by a relational database and were manually migrated to the Arquero API.,arquero_tpch_025_q12,"Benchmark `arquero_tpch_025_q12` failed to run `before` callback: Unrecognized type: ""undefined""",0,0,0.0,0.0,0.0,0.0,0.0,0.0,0.0,0.0
tpch,arquero,[],1775837897252,"[0.25, 13.0]",Arquero does not implement join reordering and query unnesting. The plans were generated by a relational database and were manually migrated to the Arquero API.,arquero_tpch_025_q13,"Benchmark `arquero_tpch_025_q13` failed to run `before` callback: Unrecognized type: ""undefined""",0,0,0.0,0.0,0.0,0.0,0.0,0.0,0.0,0.0
tpch,arquero,[],1775837897252,"[0.25, 14.0]",Arquero does not implement join reordering and query unnesting. The plans were generated by a relational database and were manually migrated to the Arquero API.,arquero_tpch_025_q14,"Benchmark `arquero_tpch_025_q14` failed to run `before` callback: Unrecognized type: ""undefined""",0,0,0.0,0.0,0.0,0.0,0.0,0.0,0.0,0.0
tpch,arquero,[],1775837897252,"[0.25, 15.0]",Arquero does not implement join reordering and query unnesting. The plans were generated by a relational database and were manually migrated to the Arquero API.,arquero_tpch_025_q15,"Benchmark `arquero_tpch_025_q15` failed to run `before` callback: Unrecognized type: ""undefined""",0,0,0.0,0.0,0.0,0.0,0.0,0.0,0.0,0.0
tpch,arquero,[],1775837897252,"[0.25, 16.0]",Arquero does not implement join reordering and query unnesting. The plans were generated by a relational database and were manually migrated to the Arquero API.,arquero_tpch_025_q16,"Benchmark `arquero_tpch_025_q16` failed to run `before` callback: Unrecognized type: ""undefined""",0,0,0.0,0.0,0.0,0.0,0.0,0.0,0.0,0.0
tpch,arquero,[],1775837897252,"[0.25, 17.0]",Arquero does not implement join reordering and query unnesting. The plans were generated by a relational database and were manually migrated to the Arquero API.,arquero_tpch_025_q17,"Benchmark `arquero_tpch_025_q17` failed to run `before` callback: Unrecognized type: ""undefined""",0,0,0.0,0.0,0.0,0.0,0.0,0.0,0.0,0.0
tpch,arquero,[],1775837897252,"[0.25, 18.0]",Arquero does not implement join reordering and query unnesting. The plans were generated by a relational database and were manually migrated to the Arquero API.,arquero_tpch_025_q18,"Benchmark `arquero_tpch_025_q18` failed to run `before` callback: Unrecognized type: ""undefined""",0,0,0.0,0.0,0.0,0.0,0.0,0.0,0.0,0.0
tpch,arquero,[],1775837897252,"[0.25, 19.0]",Arquero does not implement join reordering and query unnesting. The plans were generated by a relational database and were manually migrated to the Arquero API.,arquero_tpch_025_q19,"Benchmark `arquero_tpch_025_q19` failed to run `before` callback: Unrecognized type: ""undefined""",0,0,0.0,0.0,0.0,0.0,0.0,0.0,0.0,0.0
tpch,arquero,[],1775837897252,"[0.25, 20.0]",Arquero does not implement join reordering and query unnesting. The plans were generated by a relational database and were manually migrated to the Arquero API.,arquero_tpch_025_q20,"Benchmark `arquero_tpch_025_q20` failed to run `before` callback: Unrecognized type: ""undefined""",0,0,0.0,0.0,0.0,0.0,0.0,0.0,0.0,0.0
tpch,arquero,[],1775837897252,"[0.25, 22.0]",Arquero does not implement join reordering and query unnesting. The plans were generated by a relational database and were manually migrated to the Arquero API.,arquero_tpch_025_q22,"Benchmark `arquero_tpch_025_q22` failed to run `before` callback: Unrecognized type: ""undefined""",0,0,0.0,0.0,0.0,0.0,0.0,0.0,0.0,0.0
tpch,lovefield,[],1775837932298,"[0.25, 1.0]",Lovefield does not support arithmetic operations and nested subqueries. Aggregates and order by clauses were often simplified. Some queries with nesting were dropped.,lovefield_tpch_025_q1,Benchmark `lovefield_tpch_025_q1` failed to run `fn`: a.getTime is not a function,1,1,0.0,0.0,0.0,0.0,0.0,0.0,0.0,0.0
tpch,lovefield,[],1775837932298,"[0.25, 3.0]",Lovefield does not support arithmetic operations and nested subqueries. Aggregates and order by clauses were often simplified. Some queries with nesting were dropped.,lovefield_tpch_025_q3,Benchmark `lovefield_tpch_025_q3` failed to run `fn`: a.getTime is not a function,1,1,0.0,0.0,0.0,0.0,0.0,0.0,0.0,0.0
tpch,lovefield,[],1775837932298,"[0.25, 4.0]",Lovefield does not support arithmetic operations and nested subqueries. Aggregates and order by clauses were often simplified. Some queries with nesting were dropped.,lovefield_tpch_025_q4,Benchmark `lovefield_tpch_025_q4` failed to run `fn`: a.getTime is not a function,1,1,0.0,0.0,0.0,0.0,0.0,0.0,0.0,0.0
tpch,lovefield,[],1775837932298,"[0.25, 5.0]",Lovefield does not support arithmetic operations and nested subqueries. Aggregates and order by clauses were often simplified. Some queries with nesting were dropped.,lovefield_tpch_025_q5,Benchmark `lovefield_tpch_025_q5` failed to run `fn`: a.getTime is not a function,1,1,0.0,0.0,0.0,0.0,0.0,0.0,0.0,0.0
tpch,lovefield,[],1775837932298,"[0.25, 6.0]",Lovefield does not support arithmetic operations and nested subqueries. Aggregates and order by clauses were often simplified. Some queries with nesting were dropped.,lovefield_tpch_025_q6,,12,4,2.0494157503036154,487.9439419999835,488.2631069999188,5.741866613797948,498.6667179998476,477.03886500000954,5855.327303999802,5855.8510839995
tpch,lovefield,[],1775837932298,"[0.25, 7.0]",Lovefield does not support arithmetic operations and nested subqueries. Aggregates and order by clauses were often simplified. Some queries with nesting were dropped.,lovefield_tpch_025_q7,Benchmark `lovefield_tpch_025_q7` failed to run `fn`: a.getTime is not a function,1,1,0.0,0.0,0.0,0.0,0.0,0.0,0.0,0.0
tpch,lovefield,[],1775837932298,"[0.25, 8.0]",Lovefield does not support arithmetic operations and nested subqueries. Aggregates and order by clauses were often simplified. Some queries with nesting were dropped.,lovefield_tpch_025_q8,Benchmark `lovefield_tpch_025_q8` failed to run `fn`: a.getTime is not a function,1,1,0.0,0.0,0.0,0.0,0.0,0.0,0.0,0.0
tpch,lovefield,[],1775837932298,"[0.25, 10.0]",Lovefield does not support arithmetic operations and nested subqueries. Aggregates and order by clauses were often simplified. Some queries with nesting were dropped.,lovefield_tpch_025_q10,Benchmark `lovefield_tpch_025_q10` failed to run `fn`: a.getTime is not a function,1,1,0.0,0.0,0.0,0.0,0.0,0.0,0.0,0.0
tpch,lovefield,[],1775837932298,"[0.25, 12.0]",Lovefield does not support arithmetic operations and nested subqueries. Aggregates and order by clauses were often simplified. Some queries with nesting were dropped.,lovefield_tpch_025_q12,Benchmark `lovefield_tpch_025_q12` failed to run `fn`: a.getTime is not a function,1,1,0.0,0.0,0.0,0.0,0.0,0.0,0.0,0.0
tpch,lovefield,[],1775837932298,"[0.25, 13.0]","",lovefield_tpch_025_q13,,3,3,0.46008683985127574,2173.502724666614,2161.687963000033,18.10970038023121,2199.0887849999126,2159.7314259998966,6520.508173999842,6520.572959000012
tpch,lovefield,[],1775837932298,"[0.25, 14.0]","",lovefield_tpch_025_q14,Benchmark `lovefield_tpch_025_q14` failed to run `fn`: a.getTime is not a function,1,1,0.0,0.0,0.0,0.0,0.0,0.0,0.0,0.0
tpch,lovefield,[],1775837932298,"[0.25, 16.0]","",lovefield_tpch_025_q16,,10,5,1.9483733493158166,513.2486544999992,508.76156500005163,21.402337628303666,565.995862999931,490.9294089998584,5132.4865449999925,5132.687883999664
tpch,lovefield,[],1775837932298,"[0.25, 19.0]",Lovefield does not support arithmetic operations and nested subqueries. Aggregates and order by clauses were often simplified. Some queries with nesting were dropped.,lovefield_tpch_025_q19,,2,2,0.2986707706483661,3348.168278499972,3734.9319210001267,386.7636425001547,3734.9319210001267,2961.4046359998174,6696.336556999944,6696.3671929999255
tpch,sqljs,[],1775837411049,"[0.1, 1.0]",,sqljs_tpch_01_q1,,7,4,1.132610729424596,882.9158810000268,838.5817319999915,106.01230996698239,1142.4249179998878,834.6078340001404,6180.411167000188,6181.372914999956
tpch,sqljs,[],1775837411049,"[0.1, 2.0]",,sqljs_tpch_01_q2,,189,5,37.49406483830536,26.670887894191775,26.383099999977276,0.7669117787807334,34.053713999921456,26.127100999932736,5040.797812002245,5044.668713002
tpch,sqljs,[],1775837411049,"[0.1, 3.0]",,sqljs_tpch_01_q3,,30,5,5.022469392986104,199.10524520000132,199.2603259999305,1.6503170460287242,204.66143300011754,196.69338199985214,5973.15735600004,5973.773244999815
tpch,sqljs,[],1775837411049,"[0.1, 4.0]",,sqljs_tpch_01_q4,,113,5,21.998619840072717,45.457397203546314,45.3764380000066,0.27298498451066294,47.05410200008191,45.02422700007446,5136.6858840007335,5138.750249999808
tpch,sqljs,[],1775837411049,"[0.1, 5.0]",,sqljs_tpch_01_q5,,25,5,4.805480851279771,208.09572048001922,206.96936099999584,3.8101580763146794,225.78870200016536,206.109388000099,5202.393012000481,5202.899540000595
tpch,sqljs,[],1775837411049,"[0.1, 6.0]",,sqljs_tpch_01_q6,,40,5,7.529597869435575,132.80921735000447,132.68464700016193,1.7026784731254152,142.7648160001263,131.7077130000107,5312.368694000179,5313.039319000207
tpch,sqljs,[],1775837411049,"[0.1, 7.0]",,sqljs_tpch_01_q7,,20,5,3.6593756681576206,273.2706588999834,273.4012339999899,1.4043674999289435,278.1348239998333,271.22206500009634,5465.413177999668,5465.8116170000285
tpch,sqljs,[],1775837411049,"[0.1, 8.0]",,sqljs_tpch_01_q8,,15,5,2.4233952142836954,412.6442084666652,412.62398000014946,2.3097069562127195,417.940926999785,408.9242670000531,6189.663126999978,6189.963899000548
tpch,sqljs,[],1775837411049,"[0.1, 9.0]",,sqljs_tpch_01_q9,,8,4,1.3853484584562898,721.840049624996,722.0386489999946,0.9040223824786486,723.4639639998786,720.3236739998683,5774.720396999968,5774.883138000034
tpch,sqljs,[],1775837411049,"[0.1, 10.0]",,sqljs_tpch_01_q10,,35,5,6.88299030870569,145.28569054284267,143.5767259998247,3.5097224172103916,157.8811650001444,142.0936610000208,5084.999168999493,5085.886393999681
tpch,sqljs,[],1775837411049,"[0.1, 11.0]",,sqljs_tpch_01_q11,,75,5,14.611398498042337,68.43971849333805,68.2240560001228,0.7661065265003146,73.46596500021406,67.67702599987388,5132.978887000354,5134.18626899831
tpch,sqljs,[],1775837411049,"[0.1, 12.0]",,sqljs_tpch_01_q12,,45,5,8.083526900958367,123.7083778222402,123.66073899995536,0.4022440650334172,125.37543500005268,123.25305699999444,5566.877002000809,5567.883432999719
tpch,sqljs,[],1775837411049,"[0.1, 13.0]",,sqljs_tpch_01_q13,,10,5,1.7308519523113248,577.7501644000411,577.6021120001096,2.523075554751289,583.450572000118,574.0679380001966,5777.501644000411,5780.729484000243
tpch,sqljs,[],1775837411049,"[0.1, 14.0]",,sqljs_tpch_01_q14,,40,5,7.947106895211791,125.83195535000414,125.8076060002204,0.5297669025084537,127.39479399984702,125.04068200010806,5033.2782140001655,5033.900113999611
tpch,sqljs,[],1775837411049,"[0.1, 15.0]",,sqljs_tpch_01_q15,,25,5,4.032358902755909,247.9937981999945,247.72066599992104,0.6828272029248793,249.45241299993359,247.00164999999106,6199.844954999862,6200.274598000338
tpch,sqljs,[],1775837411049,"[0.1, 16.0]",,sqljs_tpch_01_q16,,115,5,22.23855127921851,44.9669579391388,44.88787400000729,0.35996726673466023,47.48210700019263,44.62595300003886,5171.200163000962,5172.78705799859
tpch,sqljs,[],1775837411049,"[0.1, 17.0]",,sqljs_tpch_01_q17,,1,1,0.03254281262119701,30728.751433999976,30728.751433999976,0.0,30728.751433999976,30728.751433999976,30728.751433999976,30728.77285999991
tpch,sqljs,[],1775837411049,"[0.1, 18.0]",,sqljs_tpch_01_q18,,36,5,6.994425951167816,142.97098961109683,142.5547619999852,1.2649250207754914,146.31094800005667,141.78447799989954,5146.955625999486,5147.498045999324
tpch,sqljs,[],1775837411049,"[0.1, 19.0]",,sqljs_tpch_01_q19,,36,5,6.983122712429872,143.20240975001232,143.09816500009038,1.4635316047032139,146.15353500004858,140.9974720000755,5155.2867510004435,5155.870055000996
tpch,sqljs,[],1775837411049,"[0.1, 20.0]",,sqljs_tpch_01_q20,,1,1,0.02514690339273101,39766.32766199997,39766.32766199997,0.0,39766.32766199997,39766.32766199997,39766.32766199997,39766.348159000045
tpch,sqljs,[],1775837411049,"[0.1, 21.0]",,sqljs_tpch_01_q21,,6,3,1.1992739875909137,833.8378138333404,834.1349990000017,0.8374279074469004,834.6915619999636,832.3918890000787,5003.026883000042,5003.139794000192
tpch,sqljs,[],1775837411049,"[0.1, 22.0]",,sqljs_tpch_01_q22,,1,1,0.1145998564468806,8726.014420999913,8726.014420999913,0.0,8726.014420999913,8726.014420999913,8726.014420999913,8726.035359000089
tpch,arquero,[],1775837594567,"[0.1, 1.0]",Arquero does not implement join reordering and query unnesting. The plans were generated by a relational database and were manually migrated to the Arquero API.,arquero_tpch_01_q1,"Benchmark `arquero_tpch_01_q1` failed to run `before` callback: Unrecognized type: ""undefined""",0,0,0.0,0.0,0.0,0.0,0.0,0.0,0.0,0.0
tpch,arquero,[],1775837594567,"[0.1, 2.0]",Arquero does not implement join reordering and query unnesting. The plans were generated by a relational database and were manually migrated to the Arquero API.,arquero_tpch_01_q2,"Benchmark `arquero_tpch_01_q2` failed to run `before` callback: Unrecognized type: ""undefined""",0,0,0.0,0.0,0.0,0.0,0.0,0.0,0.0,0.0
tpch,arquero,[],1775837594567,"[0.1, 3.0]",Arquero does not implement join reordering and query unnesting. The plans were generated by a relational database and were manually migrated to the Arquero API.,arquero_tpch_01_q3,"Benchmark `arquero_tpch_01_q3` failed to run `before` callback: Unrecognized type: ""undefined""",0,0,0.0,0.0,0.0,0.0,0.0,0.0,0.0,0.0
tpch,arquero,[],1775837594567,"[0.1, 4.0]",Arquero does not implement join reordering and query unnesting. The plans were generated by a relational database and were manually migrated to the Arquero API.,arquero_tpch_01_q4,"Benchmark `arquero_tpch_01_q4` failed to run `before` callback: Unrecognized type: ""undefined""",0,0,0.0,0.0,0.0,0.0,0.0,0.0,0.0,0.0
tpch,arquero,[],1775837594567,"[0.1, 5.0]",Arquero does not implement join reordering and query unnesting. The plans were generated by a relational database and were manually migrated to the Arquero API.,arquero_tpch_01_q5,"Benchmark `arquero_tpch_01_q5` failed to run `before` callback: Unrecognized type: ""undefined""",0,0,0.0,0.0,0.0,0.0,0.0,0.0,0.0,0.0
tpch,arquero,[],1775837594567,"[0.1, 6.0]",Arquero does not implement join reordering and query unnesting. The plans were generated by a relational database and were manually migrated to the Arquero API.,arquero_tpch_01_q6,"Benchmark `arquero_tpch_01_q6` failed to run `before` callback: Unrecognized type: ""undefined""",0,0,0.0,0.0,0.0,0.0,0.0,0.0,0.0,0.0
tpch,arquero,[],1775837594567,"[0.1, 7.0]",Arquero does not implement join reordering and query unnesting. The plans were generated by a relational database and were manually migrated to the Arquero API.,arquero_tpch_01_q7,"Benchmark `arquero_tpch_01_q7` failed to run `before` callback: Unrecognized type: ""undefined""",0,0,0.0,0.0,0.0,0.0,0.0,0.0,0.0,0.0
tpch,arquero,[],1775837594567,"[0.1, 8.0]",Arquero does not implement join reordering and query unnesting. The plans were generated by a relational database and were manually migrated to the Arquero API.,arquero_tpch_01_q8,"Benchmark `arquero_tpch_01_q8` failed to run `before` callback: Unrecognized type: ""undefined""",0,0,0.0,0.0,0.0,0.0,0.0,0.0,0.0,0.0
tpch,arquero,[],1775837594567,"[0.1, 10.0]",Arquero does not implement join reordering and query unnesting. The plans were generated by a relational database and were manually migrated to the Arquero API.,arquero_tpch_01_q10,"Benchmark `arquero_tpch_01_q10` failed to run `before` callback: Unrecognized type: ""undefined""",0,0,0.0,0.0,0.0,0.0,0.0,0.0,0.0,0.0
tpch,arquero,[],1775837594567,"[0.1, 11.0]",Arquero does not implement join reordering and query unnesting. The plans were generated by a relational database and were manually migrated to the Arquero API.,arquero_tpch_01_q11,"Benchmark `arquero_tpch_01_q11` failed to run `before` callback: Unrecognized type: ""undefined""",0,0,0.0,0.0,0.0,0.0,0.0,0.0,0.0,0.0
tpch,arquero,[],1775837594567,"[0.1, 12.0]",Arquero does not implement join reordering and query unnesting. The plans were generated by a relational database and were manually migrated to the Arquero API.,arquero_tpch_01_q12,"Benchmark `arquero_tpch_01_q12` failed to run `before` callback: Unrecognized type: ""undefined""",0,0,0.0,0.0,0.0,0.0,0.0,0.0,0.0,0.0
tpch,arquero,[],1775837594567,"[0.1, 13.0]",Arquero does not implement join reordering and query unnesting. The plans were generated by a relational database and were manually migrated to the Arquero API.,arquero_tpch_01_q13,"Benchmark `arquero_tpch_01_q13` failed to run `before` callback: Unrecognized type: ""undefined""",0,0,0.0,0.0,0.0,0.0,0.0,0.0,0.0,0.0
tpch,arquero,[],1775837594567,"[0.1, 14.0]",Arquero does not implement join reordering and query unnesting. The plans were generated by a relational database and were manually migrated to the Arquero API.,arquero_tpch_01_q14,"Benchmark `arquero_tpch_01_q14` failed to run `before` callback: Unrecognized type: ""undefined""",0,0,0.0,0.0,0.0,0.0,0.0,0.0,0.0,0.0
tpch,arquero,[],1775837594567,"[0.1, 15.0]",Arquero does not implement join reordering and query unnesting. The plans were generated by a relational database and were manually migrated to the Arquero API.,arquero_tpch_01_q15,"Benchmark `arquero_tpch_01_q15` failed to run `before` callback: Unrecognized type: ""undefined""",0,0,0.0,0.0,0.0,0.0,0.0,0.0,0.0,0.0
tpch,arquero,[],1775837594567,"[0.1, 16.0]",Arquero does not implement join reordering and query unnesting. The plans were generated by a relational database and were manually migrated to the Arquero API.,arquero_tpch_01_q16,"Benchmark `arquero_tpch_01_q16` failed to run `before` callback: Unrecognized type: ""undefined""",0,0,0.0,0.0,0.0,0.0,0.0,0.0,0.0,0.0
tpch,arquero,[],1775837594567,"[0.1, 17.0]",Arquero does not implement join reordering and query unnesting. The plans were generated by a relational database and were manually migrated to the Arquero API.,arquero_tpch_01_q17,"Benchmark `arquero_tpch_01_q17` failed to run `before` callback: Unrecognized type: ""undefined""",0,0,0.0,0.0,0.0,0.0,0.0,0.0,0.0,0.0
tpch,arquero,[],1775837594567,"[0.1, 18.0]",Arquero does not implement join reordering and query unnesting. The plans were generated by a relational database and were manually migrated to the Arquero API.,arquero_tpch_01_q18,"Benchmark `arquero_tpch_01_q18` failed to run `before` callback: Unrecognized type: ""undefined""",0,0,0.0,0.0,0.0,0.0,0.0,0.0,0.0,0.0
tpch,arquero,[],1775837594567,"[0.1, 19.0]",Arquero does not implement join reordering and query unnesting. The plans were generated by a relational database and were manually migrated to the Arquero API.,arquero_tpch_01_q19,"Benchmark `arquero_tpch_01_q19` failed to run `before` callback: Unrecognized type: ""undefined""",0,0,0.0,0.0,0.0,0.0,0.0,0.0,0.0,0.0
tpch,arquero,[],1775837594567,"[0.1, 20.0]",Arquero does not implement join reordering and query unnesting. The plans were generated by a relational database and were manually migrated to the Arquero API.,arquero_tpch_01_q20,"Benchmark `arquero_tpch_01_q20` failed to run `before` callback: Unrecognized type: ""undefined""",0,0,0.0,0.0,0.0,0.0,0.0,0.0,0.0,0.0
tpch,arquero,[],1775837594567,"[0.1, 22.0]",Arquero does not implement join reordering and query unnesting. The plans were generated by a relational database and were manually migrated to the Arquero API.,arquero_tpch_01_q22,"Benchmark `arquero_tpch_01_q22` failed to run `before` callback: Unrecognized type: ""undefined""",0,0,0.0,0.0,0.0,0.0,0.0,0.0,0.0,0.0
